9,Stefan,,Bohr,1963-4-18,Robert Koch Str. 17,Camburg,008945,LV Schleswig-Holstein,1,0,0
11,Stephan,,Kämmerer,1963-10-19,Friedrich-Engels-Ring 75,Gera,001006,LV Bayern,0,0,0
20,Stefan,,Noether,1975-3-2,Dorfstraße 99,Gera,003039,LV Schleswig-Holstein,1,0,0
28,Steffen,,Fermi,1979-2-19,Robert-Koch Str. 20,Halle,053633,LV Bayern,1,0,1
29,Thomas,Susann,Heinzmann,1976-7-25,Friedrich-Engels-Ring 70,Camburg,065884,LV Thüringen,1,0,1
33,Jens,,Maier,1956-5-5,Karl-Mark-Allee 42,Camburg,041304,LV Niedersachsen,0,0,1
42,Hans,Steffi,Bohr,1960-8-9,Dorfstraße 41,Camburg,009070,LV Bremen,1,0,0
46,Thomas,,Schuman,1952-10-17,An der Lobdeburg 40,Erfurt,005395,LV Schleswig-Holstein,1,0,0
53,Hans,,Schmidt,1955-7-14,Einstein Str. 62,Halle,014192,LV Nordrhein-Westfalen,1,0,1
57,Michaela,,Schumann,1984-4-25,Robert Koch Str. 11,Hamburg,028176,LV Bayern,1,0,1
64,Evelyn,,Heisenberg,1962-5-20,Einstein Str. 17,Hildburghausen,098525,LV Bremen,1,0,1
68,Katrin,,Maier,1963-6-27,Am Anger 13,Heidenheim,045591,LV Bayern,1,0,1
74,Andeas,,Schmitt,1970-3-9,Karl-Mark-Allee 100,Gera,020808,LV Saarland,1,0,0
79,Michaela,,Heisenberg,1961-3-12,Naumburger Str. 10,Heidenheim,040856,LV Bayern,1,0,1
87,Katrin,,Schmitt,1973-10-27,Am Anger 41,Hildburghausen,089461,LV Bayern,1,0,1
91,Jens,,Schumann,1969-3-14,Dornburger Str. 100,Strelow,018963,LV Baden-Württemberg,1,0,1
97,Susann,,Klaus,1981-5-9,Einstein Str. 70,Berlin,035216,LV Sachsen-Anhalt,1,0,0
99,Hans,,Schuman,1976-8-15,Karl-Mark-Allee 15,Am Arsch der Welt,032638,LV Brandenburg,1,0,0
106,Anna,Anne,Müller,1969-12-11,Einsteinstr. 53,München,004117,LV Brandenburg,0,0,0
110,Thomas,,Müller,1966-3-7,Robert Koch Str. 43,Hildburghausen,050247,LV Bayern,1,0,0
116,Andeas,Susann,Born,1963-5-19,Streesemannplatz 16,Halle,073547,LV Niedersachsen,1,0,1
122,Katharina,,Schmitt,1958-11-23,Helmholtzweg. 73,Erfurt,050422,LV Sachsen,1,0,1
130,Steffi,,Sobolev,1966-5-25,An der Lobdeburg 50,Erfurt,063540,LV Hessen,1,0,1
135,Michael,,Bohr,1962-10-24,Dorfstraße 85,Gera,041509,LV Niedersachsen,1,0,0
141,Anne,,Bohr,1980-6-23,Einstein Str. 78,Dornburg,075879,LV Bremen,0,0,0
144,Andeas,,Mann,1955-6-23,Am Steiger 15,Dorndorf,087176,LV Rheinland-Pfalz,1,0,1
147,Steffen,,Meyer,1981-4-24,Einsteinstr. 92,Berlin,079142,LV Thüringen,0,0,0
154,Stephan,,Kämmerer,1970-3-4,Am Steiger 91,München,054286,LV Schleswig-Holstein,1,0,0
163,Bernd,,Schmidt,1951-9-17,Helmholtzweg. 93,Camburg,085313,LV Thüringen,1,0,1
170,Bernd,,Triebel,1955-11-26,Helmholtzweg. 62,Hildburghausen,035864,LV Niedersachsen,0,0,0
178,Markus,,Schmitt,1962-3-14,Am Steiger 37,Hildburghausen,089208,LV Sachsen,0,0,1
180,Steffen,,Maier,1969-6-16,Friedrich-Engels-Ring 52,München,071984,LV Sachsen,1,0,1
184,Anne,,Triebel,1977-7-26,Am Steiger 82,Erfurt,008265,LV Rheinland-Pfalz,1,0,0
194,Anne,,Noether,1964-10-2,Am Anger 21,Halle,083117,LV Bremen,1,0,1
201,Thomas,,Müller,1974-2-25,Helmholtzweg. 83,Dorndorf,039296,LV Schleswig-Holstein,0,0,1
205,Bernd,,Kämmerer,1957-3-5,Robert-Koch Str. 11,Halle,085488,LV Hessen,1,0,1
210,Susann,,Bohr,1955-3-23,Dornburger Str. 45,Gera,047846,LV Schleswig-Holstein,0,0,1
220,Lena,,Noether,1967-9-11,Dornburger Str. 18,Heidenheim,072927,LV Saarland,1,0,0
222,Hans,,Schmitt,1987-9-11,Friedrich-Engels-Ring 24,München,082709,LV Sachsen,1,0,0
224,Stephan,,Heisenberg,1978-4-28,Robert-Kost-Str. 58,Dornburg,081706,LV Niedersachsen,1,0,0
230,Katharina,,Maier,1970-2-22,Friedrich-Engels-Ring 33,Hamburg,002219,LV Thüringen,1,0,0
235,Katharina,,Einstein,1972-5-25,Robert Koch Str. 68,Jena,097525,LV Saarland,1,0,0
243,Mark,,Noether,1956-5-25,Robert-Koch Str. 20,Strelow,020333,LV Saarland,1,0,1
247,Wolfgang,,Heisenberg,1960-1-2,Robert-Kost-Str. 26,Dorndorf,043388,LV Sachsen,1,0,1
254,Stephan,,Klaus,1967-10-18,Am Steiger 29,Am Arsch der Welt,029060,LV Brandenburg,1,0,1
260,Andeas,,Carl,1966-6-27,Helmholtzweg. 26,Magdeburg,099983,LV Bayern,1,0,1
262,Lena,Andeas,Schuman,1957-5-21,Streesemannplatz 48,Dornburg,005366,LV Niedersachsen,1,0,0
265,Susann,,Buchholz,1963-4-21,Einstein Str. 4,Strelow,096439,LV Bremen,1,0,0
275,Steffen,,Heinzmann,1958-2-26,Dorfstraße 41,Gera,085925,LV Baden-Württemberg,1,0,0
282,Stephan,Steffi,Sobolev,1953-2-15,Friedrich-Engels-Ring 45,München,002003,LV Rheinland-Pfalz,0,0,1
283,Mark,Katrin,Schuman,1954-12-4,Naumburger Str. 96,Hamburg,018148,LV Niedersachsen,1,0,1
290,Stephan,,Schuhmann,1989-2-24,Am Anger 52,Gera,056271,LV Thüringen,1,0,1
296,Andeas,,Schuman,1977-10-3,Robert-Kost-Str. 43,Hildburghausen,002542,LV Bayern,1,0,1
304,Anna,,Schwarz,1980-12-10,Helmholtzweg. 56,Erfurt,076192,LV Mecklenburg-Vorpommern,0,0,0
312,Susanna,,Schmidt,1957-10-9,Einsteinstr. 29,Hamburg,088515,LV Sachsen,0,0,0
314,Katrin,,Schmitt,1965-9-28,Friedrich-Engels-Ring 58,Berlin,063578,LV Hessen,0,0,0
318,Michael,,Kämmerer,1966-4-24,Dornburger Str. 49,Hildburghausen,041962,LV Niedersachsen,1,0,0
321,Wolfgang,,Meier,1969-3-6,Am Steiger 76,Camburg,075316,LV Nordrhein-Westfalen,1,0,1
329,Mark,,Meyer,1970-12-9,Karl-Mark-Allee 38,Strelow,044880,LV Bremen,1,0,0
334,Thomas,,Carl,1988-4-5,Robert-Kost-Str. 83,Camburg,070421,LV Nordrhein-Westfalen,1,0,1
338,Thomas,,Born,1987-8-5,Robert Koch Str. 18,Jena,085758,LV Saarland,1,0,1
340,Michael,Markus,Schwarz,1959-6-18,Dornburger Str. 58,Erfurt,008199,LV Bayern,1,0,1
350,Michaela,Bernd,Schmidt,1955-9-10,Dorfstraße 5,Heidenheim,094274,LV Bayern,1,0,1
356,Katharina,,Buchholz,1962-6-25,Dorfstraße 79,Hildburghausen,060550,LV Berlin,1,0,0
363,Katharina,,Schmidt,1981-9-23,Am Anger 27,Hildburghausen,032370,LV Hessen,0,0,1
371,Susann,,Born,1978-9-9,Friedrich-Engels-Ring 12,Am Arsch der Welt,058286,LV Saarland,0,0,1
380,Jens,,Carl,1973-2-13,Robert-Kost-Str. 28,Magdeburg,001282,LV Nordrhein-Westfalen,1,0,1
385,Bernd,,Buchholz,1988-8-24,Naumburger Str. 51,Hamburg,057000,LV Nordrhein-Westfalen,1,0,0
394,Steffi,,Köhler,1982-7-4,Am Steiger 64,München,040849,LV Niedersachsen,0,0,0
400,Stefan,,Sobolev,1957-5-24,Robert Koch Str. 13,München,083501,LV Schleswig-Holstein,0,0,1
407,Steffi,Steffi,Triebel,1955-11-3,An der Lobdeburg 19,Heidenheim,042136,LV Berlin,1,0,0
413,Lena,,Fermi,1953-9-26,Einsteinstr. 7,Gera,047042,LV Niedersachsen,1,0,1
418,Hans,,Triebel,1963-2-25,Dorfstraße 37,Strelow,087514,LV Hamburg,0,0,1
427,Stefan,,Carl,1961-4-24,Dorfstraße 33,Dornburg,017067,LV Baden-Württemberg,1,0,1
435,Susanna,,Schumann,1990-8-20,Einsteinstr. 88,Hamburg,073957,LV Nordrhein-Westfalen,0,0,1
444,Katrin,,Noether,1951-11-10,Robert-Kost-Str. 52,Dornburg,020520,LV Brandenburg,1,0,1
452,Anna,,Meyer,1962-2-5,Robert-Kost-Str. 12,Dornburg,044322,LV Brandenburg,0,0,0
456,Jens,,Weyl,1976-5-9,Einstein Str. 13,Berlin,096043,LV Bayern,1,0,1
459,Lena,,Schmidt,1965-11-21,Dornburger Str. 32,Halle,034314,LV Mecklenburg-Vorpommern,1,0,0
465,Evelyn,,Buchholz,1991-9-26,Robert-Koch Str. 70,Dorndorf,003638,LV Hamburg,1,0,1
473,Mark,Thomas,Mann,1979-5-23,Am Anger 88,Hildburghausen,071947,LV Hessen,0,0,0
476,Anne,Katrin,Sobolev,1988-5-7,Am Anger 53,Jena,060251,LV Niedersachsen,1,0,0
485,Hans,Mark,Müller,1981-7-14,Karl-Mark-Allee 61,München,014833,LV Brandenburg,1,0,1
488,Thomas,,Meier,1973-2-24,Karl-Mark-Allee 27,Hildburghausen,020202,LV Nordrhein-Westfalen,0,0,0
489,Michael,,Schuhmann,1984-11-2,Robert-Kost-Str. 85,Gera,086683,LV Mecklenburg-Vorpommern,0,0,1
493,Susann,,Schuhmann,1985-8-25,Robert-Kost-Str. 87,Heidenheim,062704,LV Hamburg,0,0,0
494,Stephan,,Kämmerer,1964-8-17,Friedrich-Engels-Ring 48,Dornburg,097274,LV Hessen,1,0,0
504,Anna,,Meier,1961-11-10,Robert-Kost-Str. 7,Berlin,086991,LV Saarland,1,0,1
509,Katharina,,Schumann,1975-9-23,Streesemannplatz 35,Hildburghausen,045527,LV Baden-Württemberg,1,0,0
511,Stefan,,Fermi,1979-12-25,Robert-Koch Str. 81,Hamburg,078748,LV Baden-Württemberg,1,0,1
520,Bernd,,Born,1958-8-22,Karl-Mark-Allee 7,Strelow,011796,LV Hessen,0,0,0
529,Evelyn,,Mann,1966-10-12,Streesemannplatz 6,Halle,083495,LV Mecklenburg-Vorpommern,1,0,0
534,Katharina,,Mann,1955-4-2,Dorfstraße 61,Gera,015143,LV Nordrhein-Westfalen,0,0,1
536,Thomas,,Sobolev,1988-1-24,An der Lobdeburg 71,Jena,083253,LV Nordrhein-Westfalen,0,0,1
543,Jens,Michaela,Carl,1984-10-6,Karl-Mark-Allee 88,Gera,010634,LV Berlin,1,0,1
550,Hans,,Triebel,1951-5-12,Am Anger 14,Erfurt,033151,LV Niedersachsen,0,0,1
553,Michaela,,Heinzmann,1953-10-3,Friedrich-Engels-Ring 57,Gera,012770,LV Sachsen,1,0,1
563,Stephan,,Heisenberg,1962-12-26,Am Steiger 50,München,000006,LV Brandenburg,1,0,0
567,Wolfgang,Michael,Klaus,1985-9-15,Einsteinstr. 36,München,053312,LV Hamburg,1,0,1
570,Anna,Michaela,Noether,1950-4-15,Karl-Mark-Allee 79,Berlin,008864,LV Saarland,1,0,0
574,Wolfgang,Stephan,Bohr,1991-9-11,Robert-Koch Str. 68,Strelow,074205,LV Berlin,1,0,1
579,Mark,Evelyn,Sobolev,1965-4-5,An der Lobdeburg 25,Gera,090101,LV Nordrhein-Westfalen,1,0,1
581,Katrin,,Schuhmann,1961-4-15,An der Lobdeburg 80,Hamburg,060413,LV Bremen,1,0,1
582,Markus,,Einstein,1982-10-24,Dorfstraße 70,Halle,025187,LV Berlin,1,0,1
588,Evelyn,,Schwarz,1964-10-13,Naumburger Str. 12,Heidenheim,006739,LV Hamburg,0,0,0
595,Jens,,Schumann,1967-6-6,Karl-Mark-Allee 25,Am Arsch der Welt,053248,LV Sachsen,1,0,1
603,Michael,Jens,Schmitt,1984-12-13,Einsteinstr. 68,Gera,071538,LV Mecklenburg-Vorpommern,0,0,1
612,Jens,,Müller,1972-7-10,Einsteinstr. 82,Strelow,026902,LV Rheinland-Pfalz,1,0,1
622,Stefan,Stefan,Schuhmann,1976-3-14,Am Anger 10,Strelow,046569,LV Bremen,1,0,1
630,Michaela,Anna,Heisenberg,1967-2-2,Friedrich-Engels-Ring 7,Dornburg,084648,LV Bremen,0,0,0
632,Jens,,Heinzmann,1956-9-25,Friedrich-Engels-Ring 13,Hildburghausen,063915,LV Hessen,0,0,1
636,Hans,,Heisenberg,1950-6-24,Dorfstraße 63,Jena,026955,LV Thüringen,0,0,0
646,Katharina,,Carl,1970-11-12,Robert-Kost-Str. 49,Gera,009637,LV Saarland,1,0,1
652,Stephan,,Köhler,1973-2-8,Friedrich-Engels-Ring 80,Dornburg,014340,LV Schleswig-Holstein,1,0,0
655,Markus,Steffen,Buchholz,1985-11-27,Streesemannplatz 67,Magdeburg,015496,LV Nordrhein-Westfalen,1,0,0
663,Susann,Stefan,Einstein,1951-5-24,Einsteinstr. 26,Berlin,005813,LV Schleswig-Holstein,1,0,0
666,Markus,,Köhler,1952-7-7,Robert-Kost-Str. 16,Camburg,009939,LV Thüringen,1,0,0
676,Wolfgang,,Köhler,1965-3-5,Robert Koch Str. 92,Jena,094159,LV Berlin,1,0,1
683,Katrin,,Fermi,1955-10-21,Robert-Kost-Str. 36,Halle,021486,LV Mecklenburg-Vorpommern,1,0,0
686,Steffi,,Bohr,1953-4-7,Einstein Str. 86,Camburg,046385,LV Niedersachsen,0,0,1
695,Michaela,,Schmitt,1989-2-15,Naumburger Str. 40,Dornburg,050178,LV Saarland,1,0,0
698,Hans,,Schmidt,1959-12-23,Dorfstraße 62,Heidenheim,027439,LV Schleswig-Holstein,1,0,1
699,Bernd,Susann,Bohr,1984-1-1,Friedrich-Engels-Ring 8,Magdeburg,081572,LV Brandenburg,1,0,1
705,Wolfgang,,Bohr,1989-11-24,Am Steiger 95,Hamburg,095328,LV Schleswig-Holstein,1,0,1
707,Mark,,Maier,1974-6-24,Streesemannplatz 73,Erfurt,084054,LV Berlin,1,0,0
714,Hans,,Müller,1974-10-16,An der Lobdeburg 54,Hamburg,083262,LV Brandenburg,0,0,1
719,Mark,,Müller,1959-3-18,Robert-Koch Str. 17,Halle,006741,LV Hessen,1,0,1
726,Stefan,,Triebel,1982-6-6,Am Steiger 62,Dornburg,013286,LV Schleswig-Holstein,1,0,1
735,Hans,,Kämmerer,1981-4-8,Einstein Str. 22,Am Arsch der Welt,017388,LV Rheinland-Pfalz,1,0,0
743,Michaela,,Schumann,1957-9-16,Dornburger Str. 98,Hamburg,030219,LV Sachsen,1,0,0
748,Susann,,Schwarz,1975-3-25,Einsteinstr. 87,Am Arsch der Welt,025717,LV Schleswig-Holstein,1,0,1
753,Steffen,Hans,Meier,1983-9-22,Einstein Str. 48,Halle,088248,LV Hamburg,1,0,1
755,Michaela,,Heinzmann,1957-3-2,Am Anger 70,Berlin,012703,LV Rheinland-Pfalz,0,0,0
759,Susanna,,Heinzmann,1956-2-20,Karl-Mark-Allee 96,Berlin,000754,LV Nordrhein-Westfalen,1,0,1
767,Susann,,Schumann,1951-4-18,Friedrich-Engels-Ring 33,Dornburg,025144,LV Sachsen,1,0,0
772,Katrin,,Sobolev,1958-9-7,Dorfstraße 75,Gera,043445,LV Rheinland-Pfalz,0,0,0
775,Evelyn,,Schuman,1952-2-6,An der Lobdeburg 9,Magdeburg,094698,LV Schleswig-Holstein,1,0,1
781,Stephan,,Maier,1974-7-14,Dorfstraße 14,Dornburg,092568,LV Hamburg,1,0,1
786,Bernd,,Müller,1951-2-10,Robert-Koch Str. 60,Hamburg,041376,LV Niedersachsen,0,0,1
794,Wolfgang,,Schumann,1963-7-8,Einstein Str. 81,Am Arsch der Welt,011913,LV Niedersachsen,1,0,0
802,Jens,,Carl,1989-5-9,Robert Koch Str. 58,Am Arsch der Welt,000468,LV Schleswig-Holstein,1,0,0
804,Evelyn,,Müller,1968-8-24,Am Anger 94,Heidenheim,064088,LV Berlin,0,0,0
806,Evelyn,,Mann,1984-4-14,Naumburger Str. 64,Erfurt,067161,LV Hamburg,1,0,1
814,Wolfgang,,Maier,1969-6-10,Am Steiger 37,Camburg,037464,LV Hamburg,1,0,1
823,Katharina,,Schumann,1968-5-8,Robert Koch Str. 40,Am Arsch der Welt,029350,LV Sachsen-Anhalt,0,0,1
827,Anne,,Meyer,1985-8-24,Friedrich-Engels-Ring 20,Strelow,027847,LV Sachsen,0,0,0
836,Thomas,Anne,Buchholz,1988-5-22,Karl-Mark-Allee 63,Erfurt,047738,LV Bremen,1,0,0
839,Stefan,Bernd,Schuman,1985-1-27,Am Steiger 89,München,018731,LV Bayern,1,0,1
843,Michael,,Schmidt,1975-12-25,Friedrich-Engels-Ring 75,Camburg,008925,LV Niedersachsen,1,0,1
844,Lena,Stefan,Schuman,1963-2-21,Einsteinstr. 96,Magdeburg,080344,LV Hessen,1,0,0
848,Wolfgang,Susanna,Schmidt,1955-3-7,Am Steiger 89,Erfurt,070629,LV Hessen,1,0,1
853,Bernd,,Einstein,1970-6-8,Friedrich-Engels-Ring 33,Erfurt,055537,LV Thüringen,1,0,0
857,Steffi,,Buchholz,1988-7-17,Einstein Str. 33,Camburg,031636,LV Saarland,1,0,1
866,Anna,Stephan,Carl,1984-6-16,Friedrich-Engels-Ring 84,Berlin,063904,LV Thüringen,1,0,1
871,Susann,,Köhler,1991-4-23,Dorfstraße 49,Erfurt,015173,LV Rheinland-Pfalz,0,0,0
876,Steffi,,Schmitt,1970-10-18,Robert-Kost-Str. 34,Strelow,087571,LV Schleswig-Holstein,1,0,1
877,Bernd,,Schmitt,1988-7-12,Am Steiger 97,Dornburg,002719,LV Bremen,1,0,1
878,Anne,,Weyl,1966-11-11,Friedrich-Engels-Ring 45,Am Arsch der Welt,052142,LV Sachsen-Anhalt,1,0,0
885,Anne,,Noether,1958-10-11,Friedrich-Engels-Ring 83,Hildburghausen,091269,LV Brandenburg,1,0,0
887,Evelyn,,Maier,1963-6-27,Robert-Kost-Str. 68,Gera,029724,LV Hamburg,1,0,1
897,Markus,,Schumann,1976-5-5,Am Steiger 66,Erfurt,094103,LV Bremen,1,0,0
900,Thomas,,Fermi,1971-12-16,Dornburger Str. 84,Strelow,091726,LV Schleswig-Holstein,0,0,1
909,Andeas,,Triebel,1969-3-20,Dorfstraße 97,Halle,083830,LV Bremen,0,0,0
916,Lena,,Noether,1961-8-22,Karl-Mark-Allee 24,Strelow,016154,LV Schleswig-Holstein,0,0,1
920,Stefan,,Heisenberg,1982-6-4,Robert-Kost-Str. 43,Heidenheim,014782,LV Sachsen-Anhalt,1,0,0
928,Katharina,Anne,Müller,1989-12-14,Streesemannplatz 36,Camburg,033874,LV Nordrhein-Westfalen,1,0,0
937,Susann,,Carl,1990-2-18,Dornburger Str. 30,Am Arsch der Welt,022176,LV Thüringen,0,0,1
943,Michaela,,Klaus,1975-11-19,Robert-Koch Str. 39,Dorndorf,017329,LV Brandenburg,1,0,1
953,Susanna,,Köhler,1974-9-25,Robert-Koch Str. 38,Hamburg,098971,LV Sachsen,1,0,0
955,Bernd,,Klaus,1991-5-18,Robert-Kost-Str. 73,Erfurt,057283,LV Hessen,1,0,0
957,Steffi,,Weyl,1951-5-14,Naumburger Str. 67,Hildburghausen,097801,LV Sachsen-Anhalt,1,0,0
959,Susann,Anne,Schwarz,1976-3-24,Helmholtzweg. 21,Berlin,035063,LV Sachsen,0,0,0
968,Wolfgang,,Müller,1983-10-14,An der Lobdeburg 76,Dorndorf,090965,LV Saarland,1,0,0
974,Stefan,Michaela,Heinzmann,1955-10-13,Am Anger 33,Heidenheim,052045,LV Sachsen,1,0,1
983,Steffen,,Einstein,1971-7-23,Helmholtzweg. 56,Dorndorf,003348,LV Saarland,1,0,1
984,Michaela,,Weyl,1953-10-26,Einstein Str. 9,Magdeburg,002934,LV Nordrhein-Westfalen,1,0,0
989,Wolfgang,,Fermi,1959-4-1,Einstein Str. 72,Dornburg,007589,LV Berlin,1,0,0
994,Mark,,Klaus,1975-2-15,An der Lobdeburg 71,Hildburghausen,016050,LV Hamburg,1,0,0
1002,Michael,,Sobolev,1954-4-18,Dornburger Str. 64,Berlin,036462,LV Hamburg,1,0,1
1005,Hans,,Meyer,1952-3-13,Streesemannplatz 77,Halle,076694,LV Saarland,1,0,0
1014,Jens,Steffi,Bohr,1963-6-6,Am Anger 93,Dornburg,052822,LV Baden-Württemberg,0,0,1
1021,Evelyn,,Schmitt,1970-12-20,Am Anger 94,Am Arsch der Welt,075246,LV Berlin,1,0,1
1030,Steffi,,Sobolev,1970-4-27,An der Lobdeburg 65,Magdeburg,096311,LV Saarland,1,0,0
1038,Bernd,Michaela,Schmidt,1955-9-21,Einstein Str. 100,Jena,047520,LV Brandenburg,0,0,1
1043,Anna,,Fermi,1968-2-26,Dorfstraße 8,Halle,008664,LV Hamburg,1,0,1
1047,Andeas,,Noether,1965-7-3,Robert-Kost-Str. 75,Hamburg,013658,LV Sachsen,0,0,1
1050,Wolfgang,,Einstein,1953-1-10,Robert-Koch Str. 92,Strelow,052496,LV Sachsen,1,0,0
1053,Susanna,,Born,1975-3-23,Am Anger 87,Gera,025242,LV Baden-Württemberg,0,0,1
1061,Bernd,,Köhler,1964-5-8,An der Lobdeburg 81,Jena,076200,LV Brandenburg,1,0,0
1066,Katharina,,Born,1974-4-2,Dorfstraße 79,Erfurt,065370,LV Bayern,1,0,1
1070,Michael,,Bohr,1971-11-12,Friedrich-Engels-Ring 92,Strelow,054402,LV Berlin,1,0,1
1071,Anna,,Fermi,1985-9-5,Am Steiger 39,Strelow,075875,LV Thüringen,0,0,0
1075,Steffen,,Carl,1965-1-11,Helmholtzweg. 86,Berlin,081042,LV Hessen,1,0,0
1078,Michael,,Schmitt,1975-11-25,Dorfstraße 96,Dorndorf,098611,LV Sachsen,1,0,0
1084,Thomas,,Heisenberg,1974-2-10,Dornburger Str. 91,Hamburg,004426,LV Sachsen,1,0,0
1085,Mark,,Maier,1982-8-18,Naumburger Str. 39,Berlin,035067,LV Nordrhein-Westfalen,0,0,1
1089,Wolfgang,Anne,Meier,1972-10-22,Einstein Str. 19,Dornburg,081894,LV Schleswig-Holstein,1,0,1
1096,Mark,,Schuman,1980-2-13,Robert-Kost-Str. 12,Hamburg,023049,LV Nordrhein-Westfalen,0,0,0
1101,Andeas,,Klaus,1986-4-26,Streesemannplatz 46,Am Arsch der Welt,065187,LV Rheinland-Pfalz,1,0,1
1106,Michaela,,Buchholz,1968-5-7,Einsteinstr. 69,München,097404,LV Hamburg,1,0,1
1115,Stefan,,Sobolev,1988-10-17,Am Steiger 97,Halle,049085,LV Rheinland-Pfalz,1,0,0
1122,Thomas,,Köhler,1970-7-9,Dorfstraße 35,Dorndorf,084542,LV Sachsen-Anhalt,1,0,1
1130,Jens,,Noether,1985-6-17,Streesemannplatz 56,Halle,055436,LV Hamburg,1,0,0
1136,Jens,,Bohr,1980-11-1,Einsteinstr. 49,Jena,054430,LV Niedersachsen,1,0,1
1141,Michael,,Weyl,1974-2-6,Friedrich-Engels-Ring 13,Hildburghausen,049587,LV Schleswig-Holstein,1,0,0
1146,Hans,,Maier,1958-9-5,Am Steiger 55,Am Arsch der Welt,097152,LV Mecklenburg-Vorpommern,0,0,0
1149,Thomas,,Meier,1961-4-8,Robert-Kost-Str. 83,Dornburg,072841,LV Bayern,1,0,1
1156,Wolfgang,,Buchholz,1990-6-11,Einstein Str. 57,Dorndorf,014336,LV Niedersachsen,0,0,0
1161,Katharina,,Heinzmann,1989-6-9,Dornburger Str. 13,Erfurt,060211,LV Bremen,1,0,0
1164,Katharina,,Kämmerer,1955-2-28,Robert-Kost-Str. 46,Gera,062309,LV Berlin,1,0,0
1173,Anna,,Schuhmann,1987-2-15,Dorfstraße 18,Gera,088313,LV Schleswig-Holstein,1,0,0
1176,Susanna,,Bohr,1973-11-19,Dorfstraße 96,Hamburg,089038,LV Sachsen-Anhalt,0,0,1
1182,Andeas,,Weyl,1952-12-20,Dorfstraße 97,Berlin,009506,LV Sachsen-Anhalt,1,0,0
1186,Michael,,Einstein,1955-8-10,Einstein Str. 48,Strelow,015533,LV Brandenburg,1,0,0
1188,Evelyn,Anne,Schuman,1972-11-5,An der Lobdeburg 96,Berlin,040139,LV Hessen,1,0,1
1192,Jens,,Triebel,1950-4-17,Robert-Kost-Str. 74,Camburg,050593,LV Berlin,1,0,1
1197,Andeas,,Köhler,1957-4-20,Dorfstraße 36,Strelow,080558,LV Nordrhein-Westfalen,1,0,1
1203,Lena,,Schmidt,1955-5-16,Dorfstraße 50,Strelow,097812,LV Bayern,1,0,0
1212,Katharina,,Buchholz,1960-1-24,Friedrich-Engels-Ring 41,Gera,092752,LV Hamburg,1,0,0
1218,Steffen,,Kämmerer,1985-8-10,Dornburger Str. 69,Erfurt,081808,LV Hessen,0,0,1
1223,Katrin,Andeas,Mann,1959-2-14,Robert-Koch Str. 45,Magdeburg,058252,LV Sachsen,1,0,1
1230,Steffi,,Noether,1986-8-15,An der Lobdeburg 22,München,051611,LV Mecklenburg-Vorpommern,1,0,1
1237,Anne,Steffen,Müller,1975-2-10,Helmholtzweg. 96,Dorndorf,047412,LV Rheinland-Pfalz,1,0,1
1241,Anna,,Einstein,1954-3-14,Dornburger Str. 79,Heidenheim,009067,LV Saarland,1,0,1
1251,Katrin,,Bohr,1968-7-16,Naumburger Str. 98,Hamburg,013917,LV Thüringen,1,0,1
1254,Steffi,,Weyl,1970-9-23,Robert-Koch Str. 14,Jena,063845,LV Berlin,0,0,1
1258,Stefan,,Schmitt,1972-7-13,Streesemannplatz 56,Jena,015055,LV Sachsen,1,0,0
1263,Bernd,Bernd,Schumann,1976-8-22,Am Steiger 50,Berlin,044899,LV Bayern,1,0,0
1264,Anne,,Heinzmann,1953-5-11,An der Lobdeburg 77,München,014866,LV Schleswig-Holstein,1,0,1
1272,Evelyn,,Carl,1960-12-10,Naumburger Str. 25,Halle,007374,LV Thüringen,0,0,0
1282,Katharina,,Schmidt,1975-3-15,Am Anger 95,Hamburg,067746,LV Thüringen,1,0,1
1286,Andeas,,Fermi,1985-10-1,Friedrich-Engels-Ring 48,Halle,035528,LV Baden-Württemberg,0,0,0
1290,Katrin,,Schuman,1972-12-14,Dornburger Str. 87,Dorndorf,048321,LV Hessen,0,0,1
1295,Wolfgang,,Triebel,1964-7-22,Friedrich-Engels-Ring 15,Gera,003919,LV Brandenburg,1,0,0
1297,Michael,,Schmitt,1989-9-19,Karl-Mark-Allee 15,Halle,034711,LV Hessen,1,0,0
1307,Steffi,,Carl,1987-9-15,Robert-Kost-Str. 45,Heidenheim,049545,LV Hessen,1,0,1
1310,Mark,Michaela,Kämmerer,1953-3-8,Robert-Koch Str. 98,Dornburg,035692,LV Brandenburg,1,0,1
1312,Katrin,Susann,Meier,1970-1-25,Streesemannplatz 42,Magdeburg,068450,LV Berlin,1,0,1
1320,Stephan,,Müller,1951-8-24,Robert-Koch Str. 46,Dornburg,014844,LV Schleswig-Holstein,0,0,1
1330,Katrin,,Carl,1960-10-21,Streesemannplatz 34,Halle,022936,LV Brandenburg,1,0,1
1339,Anne,,Schumann,1979-2-16,Robert-Kost-Str. 34,Camburg,081708,LV Sachsen-Anhalt,1,0,1
1347,Bernd,Michaela,Noether,1958-1-12,Naumburger Str. 95,Strelow,042882,LV Saarland,1,0,0
1350,Lena,,Schwarz,1959-5-27,Am Steiger 93,Hildburghausen,041923,LV Niedersachsen,0,0,1
1354,Lena,,Noether,1990-3-27,Robert Koch Str. 53,Heidenheim,024053,LV Saarland,1,0,0
1361,Andeas,,Schuhmann,1979-12-5,Robert Koch Str. 98,Gera,029011,LV Sachsen,1,0,1
1369,Andeas,Anna,Noether,1989-8-25,Friedrich-Engels-Ring 4,Dornburg,090482,LV Bremen,0,0,1
1374,Katharina,Evelyn,Schmidt,1963-2-18,Einsteinstr. 39,Camburg,008238,LV Sachsen-Anhalt,1,0,0
1377,Michaela,,Heisenberg,1953-3-20,Friedrich-Engels-Ring 56,Halle,030424,LV Brandenburg,0,0,1
1381,Markus,,Noether,1975-6-4,Karl-Mark-Allee 87,Strelow,071504,LV Brandenburg,1,0,0
1388,Bernd,Stephan,Klaus,1984-9-19,Dorfstraße 27,Hamburg,072791,LV Niedersachsen,0,0,0
1390,Thomas,,Schmitt,1983-8-27,An der Lobdeburg 27,Erfurt,068795,LV Thüringen,0,0,0
1394,Evelyn,,Born,1967-5-21,Am Steiger 37,Magdeburg,021518,LV Saarland,1,0,1
1399,Katharina,,Weyl,1987-10-21,Einsteinstr. 26,Hamburg,012617,LV Hessen,1,0,0
1402,Katharina,,Weyl,1955-2-6,Streesemannplatz 39,Magdeburg,070396,LV Mecklenburg-Vorpommern,1,0,1
1410,Lena,,Sobolev,1963-2-2,Helmholtzweg. 94,München,026491,LV Schleswig-Holstein,1,0,1
1418,Michael,,Sobolev,1963-7-10,Robert-Koch Str. 58,Dorndorf,049842,LV Mecklenburg-Vorpommern,1,0,1
1421,Thomas,,Heinzmann,1970-9-28,Helmholtzweg. 92,Dorndorf,090446,LV Mecklenburg-Vorpommern,0,0,1
1425,Michaela,,Köhler,1951-12-25,Am Steiger 97,Camburg,014945,LV Thüringen,1,0,1
1432,Wolfgang,Markus,Carl,1981-8-22,Friedrich-Engels-Ring 35,Hamburg,074907,LV Schleswig-Holstein,1,0,0
1442,Jens,,Schuhmann,1979-3-23,Streesemannplatz 89,Hildburghausen,031054,LV Niedersachsen,1,0,0
1450,Andeas,,Einstein,1986-11-3,Helmholtzweg. 94,Hamburg,059407,LV Berlin,0,0,1
1458,Evelyn,Mark,Weyl,1955-4-14,Robert-Koch Str. 75,Dorndorf,099404,LV Niedersachsen,1,0,1
1459,Michael,Wolfgang,Meier,1961-5-24,An der Lobdeburg 53,Dornburg,019828,LV Mecklenburg-Vorpommern,1,0,1
1467,Markus,,Weyl,1965-10-17,Dorfstraße 35,Gera,072324,LV Schleswig-Holstein,0,0,1
1471,Wolfgang,,Köhler,1978-9-3,Dornburger Str. 66,Halle,081969,LV Bremen,1,0,1
1477,Markus,,Heisenberg,1988-9-20,Robert-Koch Str. 28,Magdeburg,042537,LV Schleswig-Holstein,0,0,0
1481,Andeas,Michael,Schwarz,1982-5-19,Streesemannplatz 83,Jena,079791,LV Mecklenburg-Vorpommern,1,0,1
1483,Thomas,,Schwarz,1965-6-25,Robert-Koch Str. 90,Halle,083953,LV Hessen,1,0,1
1492,Katrin,,Carl,1977-11-19,Streesemannplatz 81,Erfurt,030270,LV Bayern,0,0,1
1495,Steffen,,Noether,1965-10-21,Friedrich-Engels-Ring 49,Jena,093392,LV Bremen,1,0,1
1504,Lena,,Meier,1979-11-5,An der Lobdeburg 79,Magdeburg,094006,LV Sachsen,1,0,1
1514,Lena,,Schumann,1973-3-19,Einstein Str. 61,Strelow,098517,LV Bayern,0,0,0
1520,Steffi,,Weyl,1967-6-23,An der Lobdeburg 44,Am Arsch der Welt,040631,LV Brandenburg,1,0,0
1529,Mark,Steffen,Triebel,1957-10-22,Karl-Mark-Allee 21,Erfurt,041229,LV Thüringen,0,0,0
1538,Anna,Susanna,Heinzmann,1984-12-27,Streesemannplatz 78,Camburg,071323,LV Nordrhein-Westfalen,1,0,0
1546,Mark,,Müller,1963-9-26,Naumburger Str. 73,Strelow,047494,LV Berlin,1,0,0
1553,Anna,,Meyer,1969-9-24,Am Anger 26,Erfurt,096240,LV Nordrhein-Westfalen,0,0,0
1562,Thomas,,Schuhmann,1978-10-25,Friedrich-Engels-Ring 93,Hildburghausen,045976,LV Saarland,1,0,0
1568,Wolfgang,,Weyl,1985-3-10,Naumburger Str. 20,Erfurt,055704,LV Schleswig-Holstein,0,0,0
1576,Evelyn,,Fermi,1980-11-2,Robert-Koch Str. 92,Strelow,022176,LV Nordrhein-Westfalen,1,0,1
1582,Steffen,,Born,1969-7-13,Dorfstraße 95,Berlin,010485,LV Schleswig-Holstein,1,0,1
1586,Wolfgang,,Bohr,1952-3-16,Einstein Str. 99,Am Arsch der Welt,015464,LV Schleswig-Holstein,1,0,1
1592,Anne,,Weyl,1987-7-2,Am Steiger 8,Camburg,089235,LV Saarland,0,0,1
1599,Bernd,,Bohr,1968-3-12,Einsteinstr. 18,Heidenheim,060235,LV Schleswig-Holstein,1,0,1
1602,Susann,,Heinzmann,1968-10-18,Einstein Str. 13,Magdeburg,022779,LV Baden-Württemberg,1,0,0
1608,Stefan,,Buchholz,1989-11-10,Helmholtzweg. 63,Camburg,089871,LV Schleswig-Holstein,1,0,1
1617,Wolfgang,,Köhler,1990-3-11,Robert Koch Str. 30,Strelow,018272,LV Niedersachsen,1,0,1
1619,Jens,,Bohr,1980-4-22,Einstein Str. 58,Gera,067862,LV Hamburg,1,0,0
1624,Mark,Lena,Einstein,1956-5-14,Helmholtzweg. 64,Erfurt,049778,LV Sachsen-Anhalt,0,0,0
1629,Michaela,Anna,Born,1988-3-23,Robert Koch Str. 26,Strelow,014329,LV Hessen,1,0,1
1633,Michaela,,Schmitt,1957-6-27,Dorfstraße 52,Halle,092462,LV Thüringen,1,0,1
1642,Thomas,,Weyl,1981-6-1,Karl-Mark-Allee 60,Am Arsch der Welt,057306,LV Hessen,1,0,0
1645,Susann,,Meyer,1953-7-10,Dorfstraße 15,Gera,048548,LV Schleswig-Holstein,1,0,1
1654,Evelyn,,Buchholz,1966-11-8,Robert Koch Str. 23,Berlin,058833,LV Schleswig-Holstein,1,0,1
1662,Susann,,Triebel,1965-2-24,Einstein Str. 42,Erfurt,033769,LV Hessen,0,0,0
1663,Jens,,Schuman,1953-11-16,Friedrich-Engels-Ring 48,Jena,033520,LV Rheinland-Pfalz,0,0,1
1670,Bernd,,Einstein,1984-2-17,Helmholtzweg. 33,Hildburghausen,085824,LV Hessen,0,0,1
1676,Susann,Hans,Schwarz,1957-9-19,Am Anger 72,Hamburg,053722,LV Berlin,0,0,1
1679,Anne,Katharina,Kämmerer,1970-8-23,Karl-Mark-Allee 21,Strelow,083966,LV Schleswig-Holstein,1,0,0
1682,Markus,,Schuhmann,1980-9-6,Am Anger 66,Hildburghausen,081419,LV Berlin,1,0,0
1684,Hans,,Meier,1964-11-27,Dorfstraße 66,Berlin,057636,LV Baden-Württemberg,1,0,1
1688,Jens,,Schuman,1960-8-2,Dornburger Str. 94,Dornburg,099470,LV Rheinland-Pfalz,0,0,0
1696,Thomas,,Kämmerer,1985-9-26,Karl-Mark-Allee 33,Berlin,040459,LV Sachsen,1,0,1
1704,Steffen,,Weyl,1955-8-9,Einstein Str. 73,Heidenheim,066974,LV Sachsen-Anhalt,0,0,0
1707,Michaela,,Mann,1975-3-18,An der Lobdeburg 71,Jena,052801,LV Sachsen,1,0,1
1711,Anne,Stefan,Noether,1965-6-21,An der Lobdeburg 57,Camburg,080288,LV Hamburg,1,0,1
1718,Anne,,Weyl,1958-3-7,Am Steiger 87,Am Arsch der Welt,012252,LV Schleswig-Holstein,1,0,1
1724,Stephan,,Noether,1990-3-17,Streesemannplatz 70,Jena,050301,LV Bremen,1,0,1
1726,Stefan,Mark,Fermi,1966-10-14,Naumburger Str. 67,Hildburghausen,041415,LV Sachsen,0,0,1
1728,Lena,Thomas,Buchholz,1987-6-26,Am Steiger 40,Halle,054402,LV Brandenburg,0,0,0
1730,Steffen,,Klaus,1958-12-2,Robert Koch Str. 79,Halle,025876,LV Saarland,1,0,0
1736,Steffi,,Müller,1955-11-27,Einsteinstr. 74,Camburg,008273,LV Sachsen,0,0,0
1742,Hans,,Fermi,1952-9-22,Robert-Kost-Str. 68,Halle,007839,LV Mecklenburg-Vorpommern,1,0,0
1746,Anna,,Noether,1957-12-7,Einsteinstr. 8,München,023253,LV Hessen,1,0,1
1756,Steffen,,Meier,1989-3-6,Robert-Kost-Str. 77,Am Arsch der Welt,068160,LV Brandenburg,1,0,1
1760,Jens,,Weyl,1966-2-17,Robert-Kost-Str. 57,Am Arsch der Welt,073947,LV Nordrhein-Westfalen,1,0,1
1769,Susanna,,Bohr,1968-6-2,Streesemannplatz 10,Magdeburg,050508,LV Brandenburg,1,0,1
1777,Anna,,Klaus,1957-2-19,Robert-Koch Str. 60,Jena,045323,LV Sachsen-Anhalt,1,0,0
1781,Hans,,Müller,1958-9-26,Helmholtzweg. 38,Hamburg,095544,LV Bayern,1,0,1
1782,Katharina,,Schuhmann,1960-8-9,Friedrich-Engels-Ring 33,München,017775,LV Nordrhein-Westfalen,1,0,1
1789,Steffi,,Bohr,1961-10-1,Friedrich-Engels-Ring 89,Heidenheim,052382,LV Saarland,1,0,0
1795,Michaela,,Maier,1959-8-10,Dorfstraße 16,Hildburghausen,038693,LV Bayern,1,0,1
1798,Mark,,Kämmerer,1959-12-13,Dornburger Str. 11,Dornburg,063192,LV Bremen,1,0,1
1800,Bernd,,Schuhmann,1975-5-8,Robert-Kost-Str. 10,Heidenheim,082468,LV Niedersachsen,1,0,0
1806,Katharina,,Meier,1959-8-10,Einstein Str. 26,Jena,083886,LV Bayern,1,0,1
1811,Susanna,Mark,Heisenberg,1958-7-9,Robert-Koch Str. 35,Heidenheim,038814,LV Hessen,1,0,0
1820,Jens,,Triebel,1982-6-7,Einstein Str. 23,Strelow,010676,LV Thüringen,1,0,1
1826,Markus,,Schuman,1975-12-10,Helmholtzweg. 82,Hildburghausen,064910,LV Bremen,1,0,1
1835,Katrin,,Fermi,1984-3-27,Robert-Koch Str. 27,Am Arsch der Welt,005202,LV Sachsen-Anhalt,1,0,1
1843,Anne,,Triebel,1978-12-13,Einstein Str. 9,Camburg,097395,LV Bayern,1,0,1
1847,Lena,,Fermi,1974-3-24,Helmholtzweg. 71,Gera,047878,LV Berlin,1,0,1
1855,Andeas,,Schuhmann,1982-9-9,Dornburger Str. 70,Jena,096687,LV Hessen,1,0,1
1865,Stefan,,Schuman,1959-9-18,Dornburger Str. 63,Hildburghausen,064128,LV Bayern,1,0,0
1874,Steffen,,Schmitt,1959-5-27,Am Steiger 28,Strelow,052070,LV Brandenburg,0,0,0
1883,Thomas,,Mann,1971-8-9,Einsteinstr. 51,Heidenheim,090468,LV Rheinland-Pfalz,1,0,0
1884,Anne,,Carl,1978-4-22,Robert-Kost-Str. 5,Hamburg,082009,LV Niedersachsen,0,0,0
1889,Steffen,Jens,Schuhmann,1970-5-27,Karl-Mark-Allee 23,Magdeburg,015883,LV Nordrhein-Westfalen,0,0,1
1891,Stephan,,Köhler,1988-2-8,Einsteinstr. 19,Strelow,019997,LV Nordrhein-Westfalen,0,0,0
1898,Susann,,Schwarz,1982-10-27,Dornburger Str. 96,Erfurt,096828,LV Mecklenburg-Vorpommern,1,0,0
1906,Andeas,,Meier,1958-4-23,Robert-Koch Str. 60,Halle,037055,LV Hamburg,1,0,0
1908,Hans,,Schmitt,1950-9-8,Einstein Str. 79,Camburg,096713,LV Sachsen-Anhalt,1,0,0
1912,Katrin,Wolfgang,Schuman,1967-2-23,Naumburger Str. 12,Strelow,070315,LV Bayern,0,0,1
1920,Katrin,,Fermi,1977-6-6,An der Lobdeburg 50,Camburg,005063,LV Mecklenburg-Vorpommern,0,0,0
1924,Andeas,,Schwarz,1966-8-8,Naumburger Str. 93,Strelow,073436,LV Baden-Württemberg,1,0,0
1929,Thomas,,Bohr,1966-6-14,Einstein Str. 45,Hildburghausen,053483,LV Berlin,1,0,0
1935,Hans,,Noether,1990-2-21,Robert-Kost-Str. 61,Berlin,097275,LV Mecklenburg-Vorpommern,1,0,1
1939,Steffen,,Triebel,1960-2-7,Karl-Mark-Allee 7,Erfurt,018199,LV Sachsen,1,0,0
1941,Katrin,,Meyer,1959-10-3,Robert-Kost-Str. 9,Halle,097567,LV Sachsen-Anhalt,1,0,0
1949,Jens,,Triebel,1970-11-18,Am Anger 20,Dornburg,041428,LV Rheinland-Pfalz,1,0,0
1955,Susanna,Anna,Fermi,1973-5-18,Karl-Mark-Allee 8,Magdeburg,033737,LV Sachsen,1,0,0
1956,Stephan,,Einstein,1966-8-24,Dorfstraße 26,Berlin,095425,LV Hamburg,1,0,0
1958,Hans,,Fermi,1958-2-10,Streesemannplatz 69,Camburg,030365,LV Sachsen,1,0,1
1967,Lena,,Schwarz,1952-9-10,Streesemannplatz 23,Camburg,084025,LV Bremen,1,0,0
1977,Stephan,,Sobolev,1983-10-19,An der Lobdeburg 63,Jena,019898,LV Mecklenburg-Vorpommern,1,0,0
1980,Jens,,Heinzmann,1968-11-8,Friedrich-Engels-Ring 83,Dornburg,090550,LV Rheinland-Pfalz,1,0,1
1984,Hans,Markus,Heinzmann,1964-3-27,Karl-Mark-Allee 17,Dornburg,014755,LV Hamburg,1,0,0
1991,Stephan,Anna,Kämmerer,1962-9-21,An der Lobdeburg 17,Dornburg,032728,LV Sachsen,0,0,0
1997,Markus,,Schmitt,1986-3-25,Am Anger 100,Hildburghausen,067341,LV Bremen,0,0,0
2004,Stefan,,Meyer,1962-11-4,Robert Koch Str. 63,Berlin,030771,LV Rheinland-Pfalz,1,0,0
2009,Hans,,Mann,1970-12-6,Dornburger Str. 92,Hamburg,055101,LV Baden-Württemberg,0,0,1
2018,Lena,Susanna,Heinzmann,1951-5-8,Einstein Str. 50,Camburg,091242,LV Niedersachsen,0,0,0
2023,Lena,Michael,Schumann,1972-7-4,Robert-Koch Str. 76,Dornburg,017557,LV Sachsen,1,0,1
2027,Andeas,,Klaus,1957-4-16,Am Anger 49,Heidenheim,072642,LV Nordrhein-Westfalen,1,0,0
2035,Anna,,Mann,1981-2-17,Streesemannplatz 70,Heidenheim,086647,LV Bayern,1,0,1
2044,Katrin,,Müller,1966-2-24,Dornburger Str. 30,Halle,002032,LV Hessen,1,0,1
2051,Katrin,Anne,Noether,1986-3-15,Dornburger Str. 24,Am Arsch der Welt,043113,LV Nordrhein-Westfalen,1,0,0
2056,Stefan,Katharina,Meyer,1958-5-23,Naumburger Str. 13,Dornburg,073805,LV Thüringen,0,0,1
2061,Thomas,Katharina,Noether,1990-5-22,Friedrich-Engels-Ring 6,Dorndorf,098253,LV Sachsen,0,0,1
2064,Susanna,,Carl,1955-4-24,Robert-Kost-Str. 11,Camburg,050443,LV Saarland,1,0,1
2068,Michael,Andeas,Maier,1987-10-12,Robert Koch Str. 91,Heidenheim,019450,LV Nordrhein-Westfalen,1,0,0
2072,Steffen,Lena,Einstein,1970-2-28,Karl-Mark-Allee 38,Strelow,003597,LV Thüringen,1,0,1
2080,Stefan,,Buchholz,1983-8-24,Friedrich-Engels-Ring 82,Hildburghausen,023709,LV Saarland,1,0,0
2083,Katrin,,Born,1975-6-26,Dorfstraße 28,Strelow,046203,LV Thüringen,1,0,0
2086,Susann,,Noether,1961-5-17,Am Steiger 56,Berlin,056772,LV Hamburg,1,0,1
2090,Steffi,,Noether,1986-2-4,Streesemannplatz 59,Jena,059450,LV Bayern,0,0,1
2094,Lena,,Schmidt,1979-10-15,An der Lobdeburg 6,Gera,098580,LV Schleswig-Holstein,1,0,1
2103,Wolfgang,Andeas,Müller,1955-2-27,An der Lobdeburg 32,Dornburg,095030,LV Saarland,0,0,0
2105,Steffen,,Noether,1989-2-23,Am Anger 76,Heidenheim,080196,LV Bayern,1,0,1
2110,Stephan,,Born,1978-10-18,An der Lobdeburg 49,Jena,020859,LV Sachsen,1,0,1
2113,Michaela,,Meyer,1967-2-24,Robert Koch Str. 65,Camburg,036125,LV Hamburg,1,0,0
2121,Susann,,Bohr,1960-3-22,Robert-Koch Str. 34,Gera,070293,LV Niedersachsen,0,0,0
2126,Katrin,,Müller,1985-1-20,Dornburger Str. 58,Erfurt,045484,LV Berlin,1,0,0
2132,Stefan,,Triebel,1978-5-26,Friedrich-Engels-Ring 38,Strelow,060180,LV Berlin,1,0,1
2137,Michael,,Bohr,1956-5-4,Am Anger 33,Dornburg,047608,LV Bayern,0,0,0
2145,Jens,,Buchholz,1955-3-17,Dornburger Str. 19,Camburg,059580,LV Sachsen-Anhalt,0,0,0
2148,Anne,,Meier,1963-8-10,Am Anger 82,Halle,007838,LV Hamburg,1,0,1
2156,Wolfgang,,Kämmerer,1954-5-24,Am Anger 71,Hamburg,035730,LV Hamburg,1,0,0
2157,Lena,,Bohr,1965-10-2,Karl-Mark-Allee 93,Heidenheim,063118,LV Hessen,1,0,0
2162,Markus,,Heinzmann,1963-10-19,Einstein Str. 27,Halle,043103,LV Rheinland-Pfalz,1,0,0
2171,Evelyn,,Fermi,1960-6-2,Dornburger Str. 57,Halle,025134,LV Mecklenburg-Vorpommern,1,0,1
2178,Susann,,Weyl,1971-10-23,An der Lobdeburg 36,Magdeburg,039033,LV Schleswig-Holstein,1,0,1
2184,Markus,,Fermi,1978-8-23,Am Steiger 12,München,004379,LV Niedersachsen,0,0,1
2193,Steffi,,Schuman,1971-5-19,Einstein Str. 29,Gera,040387,LV Hamburg,0,0,0
2198,Stephan,,Buchholz,1971-8-10,An der Lobdeburg 7,Strelow,010398,LV Rheinland-Pfalz,1,0,1
2203,Stephan,,Schuman,1964-5-12,Am Steiger 97,München,034203,LV Niedersachsen,1,0,1
2212,Lena,,Sobolev,1984-4-5,An der Lobdeburg 10,Am Arsch der Welt,015075,LV Berlin,1,0,1
2217,Michael,,Kämmerer,1988-7-10,Friedrich-Engels-Ring 42,Jena,013446,LV Bayern,0,0,1
2224,Lena,,Heisenberg,1959-5-21,Robert-Koch Str. 30,Heidenheim,067023,LV Baden-Württemberg,0,0,1
2225,Katharina,Thomas,Triebel,1969-10-12,Streesemannplatz 42,Magdeburg,061833,LV Thüringen,1,0,1
2233,Katharina,Steffen,Schumann,1954-10-2,Dorfstraße 74,Camburg,004743,LV Hessen,1,0,0
2236,Stephan,Lena,Carl,1988-7-5,Robert Koch Str. 77,Halle,018047,LV Bayern,1,0,0
2244,Michaela,,Weyl,1963-11-28,Naumburger Str. 18,Halle,022993,LV Niedersachsen,0,0,1
2252,Hans,,Schmitt,1976-1-3,Robert-Kost-Str. 83,Camburg,043784,LV Bremen,1,0,0
2260,Stefan,Jens,Klaus,1989-7-28,Robert-Koch Str. 83,Dornburg,059184,LV Saarland,1,0,0
2262,Evelyn,,Kämmerer,1957-10-22,Dornburger Str. 45,Am Arsch der Welt,001361,LV Hamburg,0,0,1
2267,Stephan,,Carl,1987-3-14,Dorfstraße 54,Camburg,070833,LV Sachsen,1,0,1
2270,Bernd,,Klaus,1982-8-17,Dorfstraße 27,Hildburghausen,062702,LV Rheinland-Pfalz,0,0,0
2277,Wolfgang,,Buchholz,1985-7-16,Karl-Mark-Allee 87,Erfurt,024448,LV Hessen,1,0,1
2287,Susann,,Meier,1967-9-13,Einsteinstr. 53,Hildburghausen,035317,LV Sachsen-Anhalt,1,0,1
2288,Mark,Jens,Bohr,1960-7-4,Friedrich-Engels-Ring 94,Heidenheim,072413,LV Bremen,1,0,0
2296,Anne,,Einstein,1974-7-2,Robert-Kost-Str. 66,Gera,099192,LV Sachsen-Anhalt,1,0,0
2298,Steffi,Mark,Schuhmann,1964-11-17,Am Steiger 8,Strelow,079500,LV Berlin,1,0,1
2308,Evelyn,,Schmitt,1965-3-22,Einsteinstr. 78,Magdeburg,061841,LV Thüringen,1,0,0
2309,Wolfgang,Mark,Schmidt,1971-10-18,Einsteinstr. 7,Berlin,072202,LV Saarland,1,0,1
2315,Lena,,Maier,1987-10-5,Dorfstraße 26,Strelow,029906,LV Baden-Württemberg,1,0,1
2320,Katharina,,Meier,1978-7-22,Friedrich-Engels-Ring 77,Strelow,005473,LV Saarland,1,0,1
2325,Stefan,,Köhler,1985-10-5,Naumburger Str. 41,Berlin,098720,LV Hamburg,1,0,1
2328,Hans,Susanna,Meier,1984-11-6,Robert Koch Str. 48,Hamburg,097710,LV Niedersachsen,0,0,1
2338,Susann,,Carl,1964-5-20,Streesemannplatz 76,München,001700,LV Berlin,1,0,1
2339,Michaela,,Mann,1990-11-26,Naumburger Str. 49,Erfurt,059017,LV Nordrhein-Westfalen,0,0,1
2344,Thomas,,Schumann,1991-7-15,Karl-Mark-Allee 81,Am Arsch der Welt,070688,LV Hamburg,0,0,1
2352,Katrin,Michael,Schwarz,1980-8-10,Karl-Mark-Allee 5,München,019430,LV Sachsen,1,0,1
2353,Andeas,,Mann,1988-7-4,Am Steiger 96,Jena,063742,LV Nordrhein-Westfalen,1,0,0
2359,Steffen,,Schwarz,1976-2-25,Dornburger Str. 68,Am Arsch der Welt,051253,LV Sachsen-Anhalt,1,0,1
2361,Lena,,Klaus,1955-7-17,Einsteinstr. 27,Magdeburg,034795,LV Thüringen,1,0,1
2363,Steffi,,Triebel,1963-7-15,Dornburger Str. 90,Erfurt,068634,LV Hessen,1,0,1
2368,Bernd,,Meyer,1961-8-23,Naumburger Str. 16,Gera,000256,LV Nordrhein-Westfalen,1,0,0
2370,Hans,,Schuman,1972-11-13,Robert-Koch Str. 37,Camburg,094630,LV Hessen,0,0,0
2376,Evelyn,Thomas,Einstein,1972-11-2,Einstein Str. 20,Heidenheim,070940,LV Hamburg,1,0,1
2382,Michaela,,Einstein,1962-7-7,Karl-Mark-Allee 46,Gera,021831,LV Mecklenburg-Vorpommern,1,0,1
2386,Markus,Markus,Schmidt,1955-9-3,Robert-Kost-Str. 49,Gera,031157,LV Mecklenburg-Vorpommern,0,0,0
2393,Mark,,Buchholz,1955-6-28,Dornburger Str. 64,Dornburg,079891,LV Hamburg,0,0,0
2396,Katrin,,Bohr,1982-8-28,Einstein Str. 73,Am Arsch der Welt,067200,LV Berlin,1,0,0
2404,Stephan,,Schwarz,1967-5-20,Karl-Mark-Allee 62,Berlin,078056,LV Berlin,1,0,1
2408,Anne,,Einstein,1962-1-22,Naumburger Str. 100,Hamburg,049182,LV Thüringen,1,0,1
2416,Stephan,,Buchholz,1967-5-18,Dorfstraße 89,Erfurt,023422,LV Berlin,1,0,0
2420,Bernd,,Heisenberg,1960-7-19,Einstein Str. 26,Erfurt,010447,LV Hessen,0,0,0
2425,Susann,,Meier,1984-9-10,Am Anger 42,Hildburghausen,083315,LV Schleswig-Holstein,0,0,1
2429,Katharina,,Bohr,1975-12-19,Naumburger Str. 33,Jena,016568,LV Hamburg,1,0,0
2432,Bernd,Anne,Müller,1964-3-8,Einsteinstr. 92,Erfurt,052612,LV Bayern,0,0,0
2440,Bernd,,Heinzmann,1984-9-14,Streesemannplatz 66,Dornburg,046480,LV Hamburg,1,0,1
2447,Susanna,,Einstein,1952-5-8,Dornburger Str. 94,Jena,081174,LV Bayern,0,0,1
2455,Susann,Stephan,Meier,1985-12-9,Einstein Str. 65,Am Arsch der Welt,040422,LV Hamburg,0,0,1
2464,Stefan,Jens,Köhler,1982-9-2,Robert Koch Str. 45,Camburg,090538,LV Hamburg,1,0,0
2469,Bernd,,Einstein,1979-2-18,Dorfstraße 54,Halle,060731,LV Rheinland-Pfalz,1,0,1
2479,Jens,,Triebel,1990-2-24,Helmholtzweg. 14,Halle,077196,LV Bremen,0,0,0
2484,Susanna,,Schuman,1951-10-10,Naumburger Str. 55,Heidenheim,023028,LV Sachsen,0,0,0
2489,Stephan,,Schuman,1958-6-2,Naumburger Str. 37,München,056983,LV Schleswig-Holstein,0,0,1
2499,Michaela,,Schwarz,1967-9-10,Friedrich-Engels-Ring 82,München,057181,LV Berlin,1,0,0
2501,Mark,,Bohr,1976-5-9,Streesemannplatz 60,Halle,026504,LV Berlin,1,0,1
2507,Anne,,Noether,1990-10-14,Naumburger Str. 88,Dornburg,025569,LV Bayern,1,0,0
2510,Jens,,Sobolev,1986-4-4,Friedrich-Engels-Ring 79,Erfurt,003180,LV Baden-Württemberg,0,0,0
2512,Susanna,Michaela,Meyer,1970-6-23,An der Lobdeburg 92,Heidenheim,034658,LV Berlin,1,0,0
2517,Anna,,Köhler,1986-11-14,Am Anger 84,Erfurt,068136,LV Bremen,1,0,1
2522,Wolfgang,Anne,Bohr,1976-11-13,Am Steiger 77,Heidenheim,075073,LV Schleswig-Holstein,1,0,0
2525,Mark,Hans,Köhler,1991-5-27,Robert-Kost-Str. 33,Dorndorf,090389,LV Nordrhein-Westfalen,0,0,0
2527,Steffi,,Schumann,1967-5-19,Naumburger Str. 42,Gera,043504,LV Thüringen,0,0,0
2533,Stephan,Michael,Einstein,1989-6-14,Friedrich-Engels-Ring 89,Halle,077811,LV Schleswig-Holstein,0,0,0
2537,Andeas,,Sobolev,1968-11-17,An der Lobdeburg 25,Magdeburg,029078,LV Mecklenburg-Vorpommern,0,0,0
2542,Evelyn,,Triebel,1983-7-6,Karl-Mark-Allee 70,Magdeburg,050826,LV Saarland,1,0,1
2548,Stephan,Jens,Heisenberg,1971-10-4,Dornburger Str. 7,Hildburghausen,058472,LV Brandenburg,1,0,0
2557,Steffi,Stefan,Schuhmann,1951-1-8,Dorfstraße 74,Hamburg,059845,LV Rheinland-Pfalz,1,0,0
2561,Evelyn,,Heinzmann,1954-8-16,Robert Koch Str. 25,München,066422,LV Nordrhein-Westfalen,1,0,1
2566,Susanna,Bernd,Schumann,1965-6-2,Robert-Koch Str. 8,Am Arsch der Welt,063898,LV Berlin,0,0,0
2573,Andeas,,Schwarz,1988-2-11,Robert Koch Str. 99,Halle,033416,LV Rheinland-Pfalz,1,0,0
2583,Michaela,Bernd,Schumann,1986-3-12,Friedrich-Engels-Ring 71,Gera,020610,LV Baden-Württemberg,1,0,1
2584,Thomas,Susann,Einstein,1950-9-19,Friedrich-Engels-Ring 18,München,080044,LV Rheinland-Pfalz,1,0,1
2586,Susann,,Born,1971-3-3,Einstein Str. 55,Am Arsch der Welt,016003,LV Hamburg,1,0,0
2595,Bernd,,Buchholz,1950-10-23,Robert-Kost-Str. 78,Erfurt,028281,LV Niedersachsen,1,0,0
2599,Jens,Anne,Sobolev,1957-4-7,Am Anger 46,Strelow,080298,LV Baden-Württemberg,1,0,0
2607,Thomas,Hans,Köhler,1990-5-16,Robert-Koch Str. 22,Heidenheim,082232,LV Nordrhein-Westfalen,1,0,0
2616,Katharina,,Sobolev,1960-11-16,Streesemannplatz 62,Dornburg,070973,LV Brandenburg,1,0,0
2618,Lena,,Kämmerer,1964-7-17,Dornburger Str. 99,Hamburg,035549,LV Nordrhein-Westfalen,1,0,1
2624,Anna,,Schmitt,1965-6-22,Robert-Koch Str. 7,Dornburg,095290,LV Berlin,0,0,1
2634,Michael,Stefan,Schwarz,1960-9-10,Am Steiger 80,Dorndorf,015613,LV Mecklenburg-Vorpommern,0,0,1
2637,Thomas,,Fermi,1975-8-23,Robert-Koch Str. 67,Dorndorf,047096,LV Mecklenburg-Vorpommern,0,0,0
2641,Bernd,Evelyn,Mann,1984-7-17,Streesemannplatz 57,Dorndorf,050755,LV Baden-Württemberg,1,0,1
2644,Steffi,,Sobolev,1989-2-5,Dorfstraße 59,Hamburg,043524,LV Bremen,1,0,0
2650,Thomas,,Klaus,1980-10-22,Robert Koch Str. 96,Magdeburg,039955,LV Bremen,1,0,1
2655,Hans,,Heinzmann,1990-10-21,Streesemannplatz 86,Hildburghausen,077478,LV Bayern,1,0,1
2661,Bernd,,Schuman,1959-6-7,Einstein Str. 62,Halle,064250,LV Hamburg,0,0,0
2662,Evelyn,,Mann,1969-9-14,Dornburger Str. 81,Erfurt,079504,LV Sachsen,0,0,1
2665,Evelyn,Mark,Triebel,1979-4-5,Dorfstraße 28,Jena,008221,LV Bremen,1,0,1
2666,Jens,,Klaus,1978-7-17,Robert Koch Str. 6,Dornburg,060718,LV Baden-Württemberg,0,0,0
2673,Andeas,,Sobolev,1961-5-13,Robert Koch Str. 24,Strelow,026144,LV Baden-Württemberg,1,0,0
2680,Michael,,Born,1964-12-12,Robert-Koch Str. 99,Berlin,027604,LV Niedersachsen,0,0,0
2685,Thomas,,Born,1956-8-1,Robert-Koch Str. 97,München,004704,LV Thüringen,1,0,0
2692,Susann,Evelyn,Born,1964-12-8,Friedrich-Engels-Ring 88,Strelow,037268,LV Bremen,1,0,0
2694,Evelyn,,Köhler,1959-12-22,An der Lobdeburg 37,München,069287,LV Bremen,1,0,1
2704,Evelyn,,Klaus,1969-4-13,An der Lobdeburg 22,Jena,070000,LV Nordrhein-Westfalen,1,0,1
2708,Bernd,Susann,Maier,1952-8-1,Dorfstraße 6,Erfurt,074921,LV Sachsen,1,0,1
2710,Hans,,Meier,1966-4-24,Robert-Kost-Str. 22,Dorndorf,066942,LV Saarland,0,0,0
2719,Michaela,,Schwarz,1957-9-4,Einsteinstr. 87,Erfurt,027394,LV Sachsen,1,0,0
2723,Lena,,Triebel,1955-9-22,Dornburger Str. 83,Erfurt,057992,LV Bremen,1,0,1
2733,Anne,Stephan,Triebel,1974-8-17,Robert Koch Str. 47,Strelow,007959,LV Brandenburg,1,0,0
2738,Susann,,Bohr,1965-7-5,Friedrich-Engels-Ring 91,Berlin,095507,LV Schleswig-Holstein,1,0,0
2744,Michael,,Heinzmann,1964-10-12,Dorfstraße 14,Magdeburg,053106,LV Berlin,1,0,1
2754,Steffen,,Köhler,1957-12-14,Karl-Mark-Allee 51,Strelow,071945,LV Schleswig-Holstein,0,0,1
2760,Anna,,Buchholz,1973-5-25,Helmholtzweg. 67,Berlin,062393,LV Hamburg,1,0,1
2766,Markus,,Klaus,1951-11-28,Am Anger 80,Erfurt,010555,LV Rheinland-Pfalz,1,0,0
2775,Susanna,,Carl,1986-6-21,Am Anger 62,Magdeburg,021593,LV Berlin,1,0,0
2782,Steffen,,Mann,1965-3-22,Robert-Kost-Str. 83,Jena,062399,LV Mecklenburg-Vorpommern,1,0,1
2784,Katrin,,Mann,1985-6-10,Einsteinstr. 87,Hamburg,082906,LV Hessen,1,0,0
2793,Anna,,Klaus,1987-9-14,Robert-Koch Str. 48,Hamburg,006421,LV Bayern,1,0,1
2799,Susanna,,Sobolev,1983-6-23,Friedrich-Engels-Ring 6,Hamburg,018641,LV Rheinland-Pfalz,0,0,1
2804,Katharina,Michaela,Klaus,1987-7-10,Dorfstraße 85,Heidenheim,006865,LV Bremen,1,0,0
2811,Michael,Anne,Köhler,1973-12-4,Dorfstraße 8,Hildburghausen,020635,LV Hessen,1,0,1
2816,Katharina,,Schmitt,1988-9-13,Am Steiger 64,Gera,096415,LV Rheinland-Pfalz,1,0,1
2822,Michaela,,Mann,1967-1-27,Robert-Koch Str. 8,Dornburg,057897,LV Saarland,0,0,1
2831,Steffen,,Schmidt,1989-3-18,Robert-Kost-Str. 91,Dornburg,003560,LV Baden-Württemberg,0,0,0
2839,Anna,,Weyl,1988-10-21,Naumburger Str. 99,Halle,094114,LV Berlin,0,0,0
2849,Michael,,Müller,1977-10-9,Karl-Mark-Allee 70,Hildburghausen,090033,LV Hamburg,1,0,1
2854,Hans,,Müller,1984-11-14,Helmholtzweg. 80,Strelow,063083,LV Rheinland-Pfalz,1,0,1
2864,Mark,,Schmitt,1952-7-24,Einsteinstr. 23,Magdeburg,074043,LV Saarland,1,0,1
2865,Andeas,,Heinzmann,1970-8-1,Einstein Str. 76,Strelow,038179,LV Bremen,0,0,0
2869,Markus,,Noether,1974-2-19,Dorfstraße 70,Heidenheim,048227,LV Hessen,1,0,1
2874,Susanna,Michaela,Klaus,1983-11-7,Helmholtzweg. 41,Heidenheim,044018,LV Hamburg,1,0,1
2877,Steffi,Evelyn,Heisenberg,1971-5-6,Robert-Kost-Str. 14,Heidenheim,031499,LV Saarland,0,0,0
2884,Anna,,Kämmerer,1986-11-15,Einsteinstr. 21,Hildburghausen,093090,LV Sachsen,1,0,1
2889,Andeas,,Einstein,1988-7-7,Am Steiger 40,Magdeburg,068878,LV Sachsen-Anhalt,1,0,1
2898,Andeas,,Schumann,1961-2-7,An der Lobdeburg 40,Heidenheim,017075,LV Rheinland-Pfalz,1,0,1
2907,Anna,Susanna,Schwarz,1950-4-16,Dornburger Str. 5,Heidenheim,033539,LV Bremen,1,0,1
2910,Susanna,,Heisenberg,1957-1-4,Dornburger Str. 41,Hamburg,098977,LV Bremen,1,0,0
2911,Mark,,Carl,1970-5-9,Robert-Kost-Str. 74,Am Arsch der Welt,007387,LV Bayern,1,0,0
2917,Steffen,,Weyl,1981-5-15,Streesemannplatz 75,Erfurt,077812,LV Sachsen,1,0,1
2919,Katrin,,Triebel,1966-9-22,Robert-Koch Str. 87,Erfurt,033674,LV Baden-Württemberg,1,0,1
2929,Hans,,Mann,1977-2-7,An der Lobdeburg 32,Hamburg,075497,LV Mecklenburg-Vorpommern,1,0,0
2937,Evelyn,,Buchholz,1973-1-14,Helmholtzweg. 95,Jena,058145,LV Bayern,1,0,1
2945,Bernd,,Noether,1961-5-8,Am Steiger 83,Jena,015887,LV Bremen,1,0,0
2953,Evelyn,,Bohr,1980-9-5,Robert-Koch Str. 31,Dorndorf,038018,LV Schleswig-Holstein,1,0,0
2956,Andeas,,Schmitt,1969-6-25,Karl-Mark-Allee 47,Dornburg,039347,LV Hamburg,1,0,1
2966,Lena,,Fermi,1985-4-5,Naumburger Str. 69,Hildburghausen,029449,LV Rheinland-Pfalz,1,0,0
2968,Evelyn,,Klaus,1952-5-5,Am Anger 94,Am Arsch der Welt,048541,LV Hessen,0,0,1
2977,Susann,Katharina,Müller,1965-6-9,Karl-Mark-Allee 13,Hildburghausen,074917,LV Schleswig-Holstein,0,0,1
2981,Susanna,,Köhler,1972-5-15,Am Anger 7,Magdeburg,073694,LV Bayern,0,0,1
2985,Susann,,Heisenberg,1974-8-11,Am Anger 4,Am Arsch der Welt,047075,LV Hamburg,1,0,1
2992,Hans,,Köhler,1976-6-26,Friedrich-Engels-Ring 31,Magdeburg,012695,LV Sachsen-Anhalt,0,0,0
3000,Andeas,,Köhler,1976-12-14,Streesemannplatz 26,Halle,078766,LV Brandenburg,1,0,1
3009,Susann,,Schuman,1985-11-9,Helmholtzweg. 53,Magdeburg,013177,LV Baden-Württemberg,0,0,0
3015,Michaela,Lena,Triebel,1963-6-8,Dornburger Str. 11,Dorndorf,016966,LV Berlin,1,0,0
3024,Stephan,Anne,Meier,1963-2-14,Einstein Str. 53,Hildburghausen,056200,LV Hamburg,1,0,0
3027,Thomas,,Bohr,1963-12-25,Robert Koch Str. 90,Magdeburg,046743,LV Hessen,1,0,0
3032,Bernd,,Heisenberg,1973-7-4,An der Lobdeburg 32,Am Arsch der Welt,003959,LV Nordrhein-Westfalen,1,0,0
3035,Steffen,,Einstein,1964-11-16,An der Lobdeburg 57,Magdeburg,058510,LV Berlin,1,0,1
3043,Markus,Steffen,Schwarz,1984-4-19,Einstein Str. 81,Halle,047459,LV Nordrhein-Westfalen,1,0,0
3051,Lena,,Fermi,1953-5-26,Robert Koch Str. 64,Gera,094855,LV Niedersachsen,0,0,0
3056,Stefan,,Schmitt,1978-6-2,Streesemannplatz 59,Gera,043977,LV Brandenburg,1,0,0
3059,Lena,Susann,Köhler,1952-1-13,Am Anger 19,Erfurt,035105,LV Bremen,1,0,1
3068,Susanna,,Einstein,1981-7-24,Am Anger 36,München,007134,LV Mecklenburg-Vorpommern,1,0,1
3070,Stefan,,Klaus,1953-4-2,Dornburger Str. 38,München,058681,LV Bayern,1,0,1
3078,Susanna,,Born,1984-12-8,Karl-Mark-Allee 37,München,002227,LV Hessen,0,0,1
3088,Markus,Susanna,Schumann,1963-10-5,Karl-Mark-Allee 86,Jena,003734,LV Nordrhein-Westfalen,1,0,0
3090,Markus,,Heisenberg,1974-11-4,Einstein Str. 74,Hildburghausen,006635,LV Rheinland-Pfalz,1,0,1
3097,Susanna,,Schmidt,1953-10-9,Einstein Str. 99,Dorndorf,024282,LV Brandenburg,1,0,0
3098,Wolfgang,,Born,1974-1-2,Dorfstraße 47,Dorndorf,072249,LV Bayern,0,0,1
3106,Mark,Susanna,Schmidt,1983-10-17,An der Lobdeburg 76,München,099856,LV Bremen,1,0,1
3115,Steffen,,Müller,1989-1-21,Friedrich-Engels-Ring 88,Strelow,060806,LV Baden-Württemberg,1,0,0
3123,Anna,,Born,1967-6-2,Robert-Koch Str. 61,Erfurt,075406,LV Mecklenburg-Vorpommern,1,0,1
3126,Steffen,,Einstein,1983-3-6,Naumburger Str. 25,Jena,099633,LV Brandenburg,1,0,1
3132,Katrin,,Triebel,1967-3-25,An der Lobdeburg 15,Dornburg,008575,LV Saarland,0,0,1
3140,Stefan,,Schmidt,1959-6-27,Am Anger 26,Heidenheim,068710,LV Nordrhein-Westfalen,1,0,1
3150,Lena,Katrin,Carl,1985-8-25,Einsteinstr. 97,Am Arsch der Welt,050220,LV Saarland,1,0,0
3153,Stefan,,Heinzmann,1956-4-6,Helmholtzweg. 30,Am Arsch der Welt,086250,LV Sachsen,0,0,1
3158,Thomas,,Kämmerer,1966-2-20,Einsteinstr. 58,Dorndorf,049502,LV Brandenburg,0,0,0
3168,Susanna,,Maier,1989-10-17,Dornburger Str. 56,Berlin,098599,LV Bremen,1,0,1
3174,Evelyn,,Schmitt,1991-10-23,Robert-Koch Str. 57,Jena,037817,LV Nordrhein-Westfalen,1,0,1
3184,Stephan,,Heisenberg,1983-2-19,Naumburger Str. 19,Strelow,054257,LV Saarland,1,0,1
3189,Hans,,Buchholz,1990-3-22,Einstein Str. 57,Magdeburg,031967,LV Thüringen,1,0,1
3194,Katrin,,Carl,1990-8-10,Einsteinstr. 100,Hamburg,018313,LV Mecklenburg-Vorpommern,1,0,0
3196,Anna,,Klaus,1951-5-22,Helmholtzweg. 81,Magdeburg,001638,LV Sachsen-Anhalt,0,0,0
3201,Steffen,,Schwarz,1988-11-17,Friedrich-Engels-Ring 51,Halle,070773,LV Rheinland-Pfalz,1,0,0
3203,Evelyn,,Born,1984-4-19,Dorfstraße 7,Camburg,057625,LV Bremen,0,0,1
3208,Susanna,,Köhler,1987-8-26,Dorfstraße 51,München,042708,LV Niedersachsen,1,0,1
3218,Andeas,,Einstein,1968-6-26,Naumburger Str. 88,Berlin,082687,LV Baden-Württemberg,1,0,0
3219,Katharina,,Köhler,1979-10-7,Am Steiger 28,Halle,055750,LV Sachsen-Anhalt,0,0,1
3220,Stefan,Anna,Schuhmann,1979-10-16,Einstein Str. 13,Am Arsch der Welt,062200,LV Thüringen,1,0,0
3222,Thomas,Michaela,Klaus,1976-10-26,Am Steiger 21,Hildburghausen,017430,LV Sachsen,1,0,1
3224,Anna,,Schuman,1986-2-19,Robert-Kost-Str. 17,Dorndorf,040959,LV Baden-Württemberg,1,0,1
3228,Andeas,Katharina,Triebel,1981-9-6,Robert Koch Str. 28,Berlin,039510,LV Bayern,1,0,0
3231,Wolfgang,,Meier,1976-9-21,An der Lobdeburg 72,Hamburg,098018,LV Sachsen,1,0,1
3237,Lena,,Heinzmann,1980-11-19,Am Steiger 22,Jena,024887,LV Brandenburg,1,0,0
3242,Stefan,,Schuman,1987-9-18,Dorfstraße 92,Heidenheim,076317,LV Bremen,0,0,1
3247,Mark,,Heisenberg,1977-5-10,Einsteinstr. 27,Hildburghausen,053717,LV Sachsen-Anhalt,1,0,1
3254,Stefan,,Heisenberg,1988-4-3,Einsteinstr. 80,Magdeburg,051915,LV Bayern,1,0,1
3258,Stefan,,Meier,1983-3-14,Robert-Kost-Str. 92,Magdeburg,024640,LV Thüringen,0,0,0
3260,Katharina,,Heisenberg,1984-3-20,Einsteinstr. 64,München,023000,LV Sachsen-Anhalt,0,0,0
3267,Susann,,Meyer,1958-8-3,Robert Koch Str. 70,Jena,013940,LV Hamburg,0,0,0
3270,Evelyn,,Heinzmann,1955-4-3,Dorfstraße 62,Jena,007818,LV Niedersachsen,1,0,1
3273,Steffi,,Maier,1973-6-23,Helmholtzweg. 52,Hamburg,056203,LV Sachsen,1,0,1
3278,Susanna,Susann,Kämmerer,1954-11-5,Einstein Str. 93,Magdeburg,096359,LV Baden-Württemberg,1,0,0
3285,Katharina,,Schuhmann,1964-7-15,Dornburger Str. 99,Gera,097975,LV Niedersachsen,1,0,0
3292,Steffi,Steffen,Schmidt,1989-4-15,Friedrich-Engels-Ring 35,Strelow,050851,LV Schleswig-Holstein,0,0,1
3300,Steffen,,Schumann,1986-8-15,Robert Koch Str. 24,Hamburg,005554,LV Bremen,1,0,0
3307,Wolfgang,,Kämmerer,1988-8-10,Streesemannplatz 57,Dorndorf,024483,LV Bremen,1,0,0
3315,Markus,Markus,Schwarz,1981-9-15,Robert-Koch Str. 48,Magdeburg,036528,LV Nordrhein-Westfalen,1,0,0
3325,Hans,Anne,Schumann,1982-8-6,An der Lobdeburg 44,Strelow,054120,LV Rheinland-Pfalz,1,0,0
3329,Markus,,Müller,1971-1-1,Am Anger 67,Erfurt,074151,LV Bayern,0,0,0
3339,Lena,,Noether,1967-7-12,Friedrich-Engels-Ring 45,Halle,092141,LV Bayern,1,0,0
3348,Michaela,,Meier,1956-2-1,Einstein Str. 63,Berlin,080597,LV Saarland,1,0,0
3355,Steffen,,Heinzmann,1989-2-1,Robert-Kost-Str. 40,Dorndorf,022871,LV Mecklenburg-Vorpommern,1,0,0
3362,Katharina,,Born,1977-3-2,Robert-Koch Str. 52,Hildburghausen,067299,LV Niedersachsen,1,0,0
3367,Andeas,,Kämmerer,1989-5-8,Einstein Str. 32,Gera,077914,LV Mecklenburg-Vorpommern,1,0,0
3368,Jens,,Mann,1972-8-16,Am Steiger 59,Hamburg,030842,LV Sachsen,1,0,1
3378,Anne,Markus,Sobolev,1956-5-14,Am Anger 38,Magdeburg,022414,LV Sachsen,1,0,1
3381,Susann,,Schmidt,1979-5-22,An der Lobdeburg 42,Magdeburg,088619,LV Baden-Württemberg,1,0,1
3385,Katharina,,Sobolev,1977-6-3,Dorfstraße 95,Halle,031073,LV Sachsen-Anhalt,1,0,1
3391,Wolfgang,Bernd,Schuhmann,1954-3-14,Friedrich-Engels-Ring 41,Am Arsch der Welt,009932,LV Niedersachsen,1,0,0
3400,Evelyn,,Born,1969-11-23,An der Lobdeburg 23,Hildburghausen,024050,LV Saarland,1,0,1
3401,Thomas,,Buchholz,1958-7-13,Helmholtzweg. 39,München,057344,LV Berlin,1,0,0
3407,Katharina,Hans,Klaus,1977-12-25,An der Lobdeburg 34,Dornburg,093411,LV Brandenburg,1,0,1
3412,Thomas,Markus,Born,1957-2-22,Am Steiger 81,Berlin,095613,LV Niedersachsen,1,0,1
3417,Katrin,,Buchholz,1974-10-11,Robert-Koch Str. 23,Camburg,029951,LV Bayern,1,0,0
3419,Susann,Bernd,Heisenberg,1969-6-9,Robert-Kost-Str. 56,Magdeburg,063136,LV Rheinland-Pfalz,0,0,1
3422,Steffen,,Mann,1973-1-10,Dornburger Str. 19,Magdeburg,026202,LV Niedersachsen,1,0,0
3429,Anna,,Müller,1962-1-16,Friedrich-Engels-Ring 11,Camburg,056644,LV Mecklenburg-Vorpommern,1,0,0
3433,Steffi,Hans,Meyer,1971-9-21,Dornburger Str. 79,Hamburg,049378,LV Sachsen,1,0,1
3440,Katharina,,Born,1970-8-7,Am Steiger 80,Jena,066284,LV Baden-Württemberg,1,0,0
3449,Jens,,Schuman,1962-4-24,Am Steiger 44,Jena,024464,LV Berlin,1,0,1
3451,Katrin,,Born,1984-4-20,Streesemannplatz 49,Berlin,067793,LV Brandenburg,1,0,1
3456,Susann,,Fermi,1959-4-13,Am Anger 61,Camburg,051871,LV Bayern,1,0,0
3466,Mark,,Schuman,1969-2-22,Einsteinstr. 10,Strelow,026551,LV Hamburg,0,0,1
3474,Susanna,,Bohr,1985-4-25,Helmholtzweg. 42,Gera,008246,LV Baden-Württemberg,1,0,0
3483,Katrin,,Sobolev,1958-10-13,Robert-Kost-Str. 8,Camburg,019690,LV Bayern,0,0,0
3492,Steffi,,Kämmerer,1962-12-17,Am Steiger 17,Berlin,027421,LV Hamburg,1,0,0
3500,Susanna,,Schmidt,1980-11-15,Dornburger Str. 81,Camburg,050322,LV Hessen,0,0,0
3502,Bernd,,Schuman,1966-3-5,Einsteinstr. 7,Halle,097980,LV Nordrhein-Westfalen,0,0,0
3507,Michaela,,Schwarz,1952-3-23,Einsteinstr. 6,Heidenheim,047825,LV Schleswig-Holstein,1,0,1
3511,Stefan,,Sobolev,1954-1-24,Am Steiger 75,München,082552,LV Niedersachsen,1,0,1
3513,Stefan,,Mann,1963-10-19,Streesemannplatz 53,Hamburg,064666,LV Mecklenburg-Vorpommern,1,0,1
3518,Michael,,Meyer,1954-8-6,Robert-Kost-Str. 63,Hamburg,073203,LV Baden-Württemberg,1,0,0
3528,Wolfgang,,Carl,1974-10-25,Robert-Koch Str. 93,Camburg,033347,LV Sachsen,1,0,0
3531,Susann,,Müller,1980-3-6,Dorfstraße 34,Berlin,008811,LV Rheinland-Pfalz,1,0,1
3534,Susanna,,Bohr,1980-2-19,Friedrich-Engels-Ring 83,Strelow,041000,LV Thüringen,1,0,1
3537,Lena,Andeas,Schumann,1951-3-6,Helmholtzweg. 84,Hamburg,047357,LV Brandenburg,1,0,0
3545,Susann,,Triebel,1964-2-7,An der Lobdeburg 87,Hildburghausen,088830,LV Bayern,1,0,0
3549,Thomas,Stefan,Buchholz,1959-2-21,Streesemannplatz 68,Heidenheim,023129,LV Brandenburg,0,0,0
3557,Evelyn,,Bohr,1962-3-27,Am Steiger 93,München,088809,LV Hessen,0,0,0
3564,Andeas,,Müller,1977-6-11,Dorfstraße 16,Am Arsch der Welt,064164,LV Nordrhein-Westfalen,1,0,0
3568,Anne,,Weyl,1988-12-10,Robert-Koch Str. 66,Camburg,015737,LV Rheinland-Pfalz,1,0,1
3576,Lena,,Schwarz,1981-2-24,Helmholtzweg. 77,Dorndorf,072319,LV Bayern,1,0,1
3583,Susanna,,Köhler,1951-8-12,Robert Koch Str. 75,Hamburg,046891,LV Bayern,0,0,1
3587,Katharina,Steffen,Bohr,1974-2-6,An der Lobdeburg 82,Gera,039996,LV Hessen,1,0,0
3594,Anne,Katharina,Schuman,1952-5-8,Streesemannplatz 96,Magdeburg,080460,LV Hamburg,0,0,0
3600,Michaela,,Heisenberg,1977-5-19,Am Anger 79,Strelow,079178,LV Schleswig-Holstein,1,0,1
3603,Bernd,,Schwarz,1984-3-15,Einstein Str. 17,München,033253,LV Bayern,1,0,1
3605,Susanna,Andeas,Einstein,1978-10-27,Robert-Kost-Str. 21,München,012188,LV Mecklenburg-Vorpommern,1,0,1
3609,Susann,,Meyer,1962-10-11,Am Steiger 55,Berlin,088440,LV Berlin,1,0,0
3613,Stefan,,Schwarz,1983-10-4,Dornburger Str. 37,Magdeburg,095035,LV Schleswig-Holstein,1,0,1
3619,Andeas,,Schwarz,1964-5-4,Am Steiger 44,Magdeburg,006710,LV Mecklenburg-Vorpommern,1,0,1
3621,Wolfgang,,Heinzmann,1955-9-4,Am Steiger 47,Magdeburg,049946,LV Schleswig-Holstein,1,0,0
3630,Lena,,Meyer,1958-10-7,Karl-Mark-Allee 66,München,077081,LV Hamburg,0,0,1
3633,Lena,,Schuhmann,1964-3-26,Robert-Koch Str. 39,Halle,017335,LV Hamburg,1,0,1
3639,Steffen,,Schmidt,1967-2-3,Helmholtzweg. 73,Heidenheim,037789,LV Thüringen,1,0,0
3649,Susann,,Schuhmann,1978-6-16,Streesemannplatz 43,Hamburg,095722,LV Mecklenburg-Vorpommern,0,0,0
3657,Michael,,Schwarz,1967-2-14,Friedrich-Engels-Ring 33,München,005677,LV Hessen,1,0,1
3663,Susanna,,Mann,1981-11-1,Streesemannplatz 30,Am Arsch der Welt,083940,LV Sachsen-Anhalt,1,0,1
3667,Lena,,Buchholz,1973-2-8,Einstein Str. 46,Am Arsch der Welt,049743,LV Baden-Württemberg,1,0,1
3673,Markus,Susanna,Müller,1967-7-25,Naumburger Str. 30,Erfurt,090074,LV Nordrhein-Westfalen,1,0,0
3677,Katharina,,Triebel,1976-6-24,Dorfstraße 73,Halle,003938,LV Brandenburg,1,0,0
3684,Bernd,Hans,Carl,1957-7-20,Robert Koch Str. 60,Hamburg,008540,LV Sachsen,1,0,1
3691,Katharina,,Weyl,1969-12-7,An der Lobdeburg 52,Hildburghausen,055736,LV Bremen,0,0,0
3696,Katharina,,Born,1971-4-19,Dornburger Str. 30,Berlin,005743,LV Niedersachsen,1,0,1
3703,Katharina,,Meyer,1971-3-4,Streesemannplatz 14,München,033398,LV Mecklenburg-Vorpommern,0,0,0
3706,Steffen,,Meyer,1969-3-18,Einsteinstr. 96,Camburg,082965,LV Brandenburg,0,0,1
3711,Jens,,Schuhmann,1980-2-3,Einsteinstr. 9,Magdeburg,011550,LV Sachsen-Anhalt,1,0,1
3712,Hans,,Schmidt,1964-3-3,Dornburger Str. 8,Magdeburg,054935,LV Mecklenburg-Vorpommern,1,0,1
3719,Katrin,,Fermi,1968-4-10,Dorfstraße 5,Berlin,089326,LV Schleswig-Holstein,1,0,0
3728,Andeas,Anna,Einstein,1982-8-7,An der Lobdeburg 5,Berlin,057943,LV Bremen,1,0,0
3732,Thomas,Hans,Bohr,1973-11-11,Naumburger Str. 23,Magdeburg,040525,LV Sachsen,0,0,1
3737,Susann,,Schuman,1966-8-3,Einsteinstr. 38,Am Arsch der Welt,015391,LV Sachsen,1,0,0
3740,Susann,,Mann,1983-8-14,Helmholtzweg. 55,Hamburg,018552,LV Mecklenburg-Vorpommern,1,0,0
3744,Andeas,,Fermi,1963-11-12,Robert-Kost-Str. 11,Hamburg,023921,LV Saarland,1,0,1
3754,Susanna,,Noether,1968-10-19,Robert-Kost-Str. 36,Heidenheim,090755,LV Schleswig-Holstein,1,0,1
3756,Michael,,Schwarz,1986-12-11,Helmholtzweg. 84,Strelow,057223,LV Mecklenburg-Vorpommern,1,0,0
3760,Steffi,,Fermi,1988-4-11,Am Anger 93,Hamburg,033571,LV Berlin,1,0,0
3764,Evelyn,,Bohr,1982-8-27,Am Steiger 62,Gera,005645,LV Sachsen,1,0,1
3771,Katharina,,Schmitt,1951-11-14,Robert Koch Str. 85,Gera,023371,LV Schleswig-Holstein,1,0,0
3781,Bernd,Evelyn,Müller,1988-4-14,Helmholtzweg. 89,Dornburg,096618,LV Hessen,1,0,0
3786,Anne,,Schwarz,1971-11-21,Karl-Mark-Allee 82,Gera,070034,LV Hessen,1,0,1
3789,Jens,,Schmidt,1951-7-7,Am Steiger 95,Erfurt,015718,LV Niedersachsen,1,0,1
3799,Wolfgang,,Einstein,1964-8-4,Einstein Str. 64,Heidenheim,075650,LV Hessen,1,0,1
3803,Mark,,Schuman,1966-11-11,Robert-Koch Str. 18,Magdeburg,090205,LV Hamburg,0,0,1
3810,Susann,,Weyl,1974-5-5,Am Steiger 17,Magdeburg,074898,LV Sachsen,1,0,0
3818,Lena,,Schumann,1958-2-12,An der Lobdeburg 90,Jena,012365,LV Thüringen,0,0,0
3820,Steffi,,Klaus,1980-10-23,Robert Koch Str. 67,München,051152,LV Schleswig-Holstein,0,0,1
3824,Markus,,Carl,1956-8-7,Dornburger Str. 43,Jena,046746,LV Nordrhein-Westfalen,1,0,1
3826,Stephan,,Schumann,1974-12-12,Einsteinstr. 25,München,006066,LV Hessen,1,0,0
3829,Thomas,,Fermi,1955-7-13,Robert-Kost-Str. 23,Dornburg,012924,LV Brandenburg,0,0,1
3830,Markus,,Schuhmann,1974-8-20,Robert Koch Str. 62,Hamburg,041520,LV Hamburg,1,0,1
3836,Anne,,Schwarz,1964-7-14,Robert-Koch Str. 24,Camburg,043667,LV Thüringen,1,0,0
3845,Susanna,,Schuhmann,1979-10-19,Streesemannplatz 58,Am Arsch der Welt,070868,LV Bremen,0,0,0
3847,Susann,,Noether,1960-7-23,Am Steiger 4,Erfurt,032985,LV Sachsen-Anhalt,1,0,1
3854,Mark,,Köhler,1953-8-25,Am Anger 44,Erfurt,075688,LV Niedersachsen,0,0,0
3857,Bernd,,Meyer,1955-11-2,Dornburger Str. 81,Jena,034600,LV Nordrhein-Westfalen,1,0,1
3860,Bernd,,Meier,1963-1-4,Naumburger Str. 70,Hamburg,012441,LV Bayern,1,0,1
3866,Andeas,Susanna,Kämmerer,1959-9-12,Robert Koch Str. 26,Strelow,021483,LV Berlin,1,0,1
3869,Susann,,Schuman,1984-3-22,Friedrich-Engels-Ring 53,München,070327,LV Hamburg,0,0,1
3876,Markus,,Schmidt,1957-7-10,Streesemannplatz 15,Dornburg,082103,LV Sachsen,1,0,0
3882,Jens,,Buchholz,1963-7-4,Helmholtzweg. 78,Berlin,016144,LV Rheinland-Pfalz,1,0,0
3885,Steffen,,Schuman,1961-8-7,Robert-Kost-Str. 27,Halle,017329,LV Bayern,0,0,1
3892,Markus,Stefan,Meyer,1959-6-13,Robert Koch Str. 68,Camburg,081135,LV Rheinland-Pfalz,1,0,0
3901,Bernd,Wolfgang,Schumann,1970-7-26,Robert-Koch Str. 80,Hamburg,095131,LV Bremen,1,0,1
3904,Susann,,Meier,1951-5-16,Einsteinstr. 30,Am Arsch der Welt,059025,LV Baden-Württemberg,1,0,1
3908,Susann,,Heisenberg,1991-9-16,Helmholtzweg. 55,Hildburghausen,037891,LV Saarland,1,0,0
3910,Katrin,Andeas,Buchholz,1968-9-14,Streesemannplatz 73,Dorndorf,072671,LV Niedersachsen,1,0,1
3912,Stefan,,Schuhmann,1967-2-16,Robert-Koch Str. 14,Halle,002803,LV Saarland,1,0,0
3918,Hans,,Weyl,1989-8-22,Robert Koch Str. 43,Heidenheim,096432,LV Saarland,1,0,0
3921,Thomas,,Mann,1977-10-6,Am Anger 61,Strelow,037890,LV Mecklenburg-Vorpommern,1,0,0
3926,Thomas,,Kämmerer,1959-4-17,Robert Koch Str. 16,Camburg,082720,LV Hamburg,0,0,1
3932,Bernd,,Fermi,1954-6-19,Dornburger Str. 44,München,041553,LV Nordrhein-Westfalen,1,0,0
3936,Stephan,,Triebel,1974-6-28,Streesemannplatz 21,Hildburghausen,056404,LV Niedersachsen,0,0,0
3944,Wolfgang,,Carl,1952-11-11,Robert Koch Str. 72,Heidenheim,054629,LV Bremen,1,0,0
3952,Wolfgang,,Noether,1986-1-23,Einsteinstr. 88,Erfurt,061137,LV Niedersachsen,0,0,1
3961,Lena,Mark,Weyl,1975-6-23,Einstein Str. 61,Dorndorf,016986,LV Berlin,1,0,0
3965,Thomas,,Köhler,1984-11-16,Karl-Mark-Allee 8,Strelow,000554,LV Sachsen,1,0,0
3971,Andeas,,Carl,1977-1-15,Robert-Kost-Str. 17,Halle,070432,LV Mecklenburg-Vorpommern,0,0,1
3978,Michaela,,Schwarz,1985-6-26,Streesemannplatz 22,Camburg,036982,LV Sachsen,0,0,1
3985,Andeas,,Weyl,1977-9-26,An der Lobdeburg 100,Jena,071440,LV Sachsen-Anhalt,1,0,1
3991,Hans,,Born,1989-11-13,Robert Koch Str. 93,Hamburg,014713,LV Mecklenburg-Vorpommern,1,0,1
3993,Evelyn,,Maier,1978-7-4,Karl-Mark-Allee 28,Camburg,016369,LV Saarland,0,0,0
4003,Steffen,Anne,Sobolev,1956-4-27,Helmholtzweg. 46,Halle,065590,LV Nordrhein-Westfalen,1,0,1
4008,Anne,,Heisenberg,1986-11-27,Dornburger Str. 91,Heidenheim,019052,LV Bremen,0,0,0
4011,Thomas,,Triebel,1965-3-14,Karl-Mark-Allee 81,Strelow,056073,LV Mecklenburg-Vorpommern,1,0,1
4016,Andeas,Lena,Heisenberg,1968-6-9,Karl-Mark-Allee 8,Dornburg,079798,LV Bayern,1,0,1
4024,Katrin,,Triebel,1991-6-8,Helmholtzweg. 21,Halle,073629,LV Niedersachsen,1,0,1
4027,Katrin,,Schuhmann,1954-9-5,Dorfstraße 33,Hamburg,063624,LV Saarland,1,0,1
4030,Hans,,Weyl,1990-2-5,Einsteinstr. 18,Hildburghausen,072978,LV Mecklenburg-Vorpommern,1,0,0
4036,Markus,,Schuhmann,1969-11-8,Robert-Koch Str. 64,Berlin,021136,LV Sachsen,1,0,0
4038,Wolfgang,,Meier,1969-8-8,Karl-Mark-Allee 79,Camburg,074951,LV Berlin,1,0,0
4041,Mark,,Sobolev,1961-7-16,Helmholtzweg. 36,Am Arsch der Welt,034762,LV Hessen,1,0,0
4043,Michaela,,Fermi,1965-8-15,Karl-Mark-Allee 70,Berlin,074862,LV Thüringen,1,0,1
4048,Steffi,,Bohr,1968-2-10,Naumburger Str. 98,Magdeburg,058498,LV Bayern,1,0,1
4057,Hans,,Kämmerer,1982-4-16,Dorfstraße 54,München,072145,LV Baden-Württemberg,1,0,1
4066,Evelyn,Wolfgang,Schuman,1987-8-21,Helmholtzweg. 66,Hildburghausen,089296,LV Baden-Württemberg,1,0,0
4076,Anna,,Sobolev,1966-10-19,Friedrich-Engels-Ring 79,Heidenheim,057570,LV Brandenburg,0,0,0
4083,Katrin,,Schwarz,1976-3-2,Einstein Str. 54,Camburg,062165,LV Nordrhein-Westfalen,0,0,0
4088,Katharina,,Köhler,1953-4-23,Robert-Kost-Str. 12,Camburg,003006,LV Bayern,1,0,1
4098,Mark,Bernd,Weyl,1990-7-22,An der Lobdeburg 72,Berlin,070658,LV Nordrhein-Westfalen,1,0,1
4102,Andeas,,Carl,1988-6-19,Friedrich-Engels-Ring 25,Berlin,076078,LV Saarland,1,0,1
4105,Markus,Stephan,Fermi,1979-9-24,Dorfstraße 36,Strelow,098379,LV Sachsen,1,0,0
4110,Anna,,Maier,1986-5-22,Einsteinstr. 71,Gera,082005,LV Sachsen-Anhalt,1,0,1
4118,Jens,,Schuman,1968-6-26,Helmholtzweg. 55,Berlin,075172,LV Thüringen,1,0,1
4127,Lena,,Schmidt,1959-3-17,Am Anger 55,Halle,083739,LV Sachsen,1,0,1
4136,Stefan,,Schuhmann,1989-9-19,Naumburger Str. 46,Berlin,012387,LV Sachsen-Anhalt,1,0,0
4138,Katharina,Katharina,Carl,1986-9-15,Dorfstraße 64,Halle,031919,LV Schleswig-Holstein,1,0,0
4141,Michael,,Born,1966-7-24,Karl-Mark-Allee 85,Hildburghausen,040446,LV Bayern,0,0,0
4149,Markus,,Bohr,1968-10-24,Einsteinstr. 35,Hildburghausen,064673,LV Saarland,0,0,1
4158,Katrin,,Sobolev,1984-3-21,Robert-Koch Str. 27,Dornburg,014139,LV Baden-Württemberg,1,0,0
4162,Anne,,Sobolev,1958-8-11,Streesemannplatz 90,München,092665,LV Bremen,1,0,0
4169,Katharina,,Triebel,1952-4-26,Karl-Mark-Allee 10,Berlin,035686,LV Saarland,0,0,1
4175,Katharina,,Meier,1956-8-28,Naumburger Str. 75,Gera,085435,LV Baden-Württemberg,1,0,0
4181,Steffi,,Bohr,1952-3-5,Robert Koch Str. 87,Dorndorf,053232,LV Mecklenburg-Vorpommern,1,0,0
4191,Steffi,,Meyer,1965-10-2,Karl-Mark-Allee 25,Hamburg,020184,LV Thüringen,1,0,0
4195,Mark,,Fermi,1961-9-3,Helmholtzweg. 5,Camburg,075008,LV Hamburg,1,0,1
4200,Bernd,,Weyl,1970-11-15,Robert Koch Str. 81,Hamburg,000136,LV Nordrhein-Westfalen,1,0,1
4203,Katharina,,Kämmerer,1961-3-22,Karl-Mark-Allee 45,Hamburg,081232,LV Schleswig-Holstein,1,0,1
4205,Evelyn,Markus,Kämmerer,1970-12-8,Karl-Mark-Allee 91,Hamburg,042469,LV Saarland,0,0,1
4211,Susanna,,Meier,1980-8-23,Robert-Koch Str. 19,Gera,086409,LV Hessen,1,0,1
4214,Jens,,Fermi,1980-8-2,Friedrich-Engels-Ring 32,Hildburghausen,001122,LV Bremen,1,0,0
4223,Anne,,Meier,1988-7-3,Robert-Kost-Str. 78,Dornburg,001276,LV Hessen,1,0,1
4227,Andeas,,Carl,1984-6-11,Einsteinstr. 6,Hildburghausen,002753,LV Mecklenburg-Vorpommern,1,0,0
4231,Katharina,,Schwarz,1990-9-17,Einsteinstr. 50,Dornburg,016482,LV Baden-Württemberg,0,0,1
4234,Bernd,,Heisenberg,1958-5-1,Robert Koch Str. 10,Halle,060633,LV Bayern,1,0,0
4239,Jens,,Einstein,1951-4-14,Helmholtzweg. 79,Hildburghausen,065891,LV Saarland,1,0,1
4244,Steffen,Jens,Meier,1977-5-19,Einsteinstr. 77,Berlin,008714,LV Sachsen,1,0,0
4253,Thomas,,Triebel,1960-2-27,Helmholtzweg. 76,Erfurt,053339,LV Schleswig-Holstein,0,0,1
4260,Markus,,Meyer,1963-10-7,Dorfstraße 51,Dorndorf,070301,LV Mecklenburg-Vorpommern,1,0,0
4264,Mark,,Noether,1957-7-24,Robert-Kost-Str. 29,Jena,047827,LV Rheinland-Pfalz,1,0,1
4273,Anna,,Maier,1953-7-16,Friedrich-Engels-Ring 38,Jena,081966,LV Rheinland-Pfalz,1,0,1
4282,Stefan,,Kämmerer,1985-8-5,Helmholtzweg. 10,Magdeburg,055519,LV Mecklenburg-Vorpommern,1,0,0
4290,Evelyn,,Schwarz,1983-5-27,Robert-Koch Str. 89,Am Arsch der Welt,045089,LV Hamburg,1,0,0
4293,Stefan,Lena,Bohr,1990-3-25,Robert-Kost-Str. 57,Dorndorf,017652,LV Brandenburg,0,0,1
4295,Andeas,,Fermi,1983-1-16,Friedrich-Engels-Ring 25,Strelow,086833,LV Schleswig-Holstein,1,0,0
4299,Andeas,,Sobolev,1970-2-5,Dorfstraße 11,Strelow,058660,LV Thüringen,1,0,1
4302,Michael,,Schwarz,1954-8-5,An der Lobdeburg 18,Berlin,053034,LV Niedersachsen,0,0,0
4305,Stephan,,Klaus,1981-11-8,Einstein Str. 82,Magdeburg,041349,LV Bremen,1,0,0
4311,Stefan,Lena,Müller,1979-2-8,Robert Koch Str. 72,Berlin,006491,LV Bayern,1,0,0
4319,Mark,,Einstein,1990-9-7,Dornburger Str. 43,Berlin,072203,LV Hamburg,1,0,1
4325,Michael,,Buchholz,1991-2-21,Naumburger Str. 60,Heidenheim,054031,LV Mecklenburg-Vorpommern,1,0,0
4332,Bernd,,Schwarz,1981-2-2,Karl-Mark-Allee 90,Jena,013889,LV Rheinland-Pfalz,1,0,0
4333,Andeas,,Fermi,1972-6-20,Am Steiger 44,Dornburg,065398,LV Schleswig-Holstein,1,0,1
4340,Lena,,Schuman,1990-4-19,Dorfstraße 63,Dorndorf,050073,LV Bremen,1,0,1
4349,Markus,,Kämmerer,1959-10-8,Dorfstraße 20,Camburg,089828,LV Sachsen-Anhalt,1,0,0
4353,Andeas,,Heisenberg,1974-5-11,Robert-Kost-Str. 39,Jena,031686,LV Baden-Württemberg,1,0,1
4362,Katrin,,Sobolev,1980-8-2,Robert-Koch Str. 37,Heidenheim,065629,LV Sachsen,1,0,0
4370,Lena,,Schmidt,1981-5-22,Robert Koch Str. 59,München,087516,LV Hamburg,1,0,1
4375,Mark,,Einstein,1982-4-28,Einsteinstr. 69,Heidenheim,071403,LV Schleswig-Holstein,1,0,1
4380,Anna,,Schmitt,1956-7-21,Karl-Mark-Allee 26,München,043252,LV Nordrhein-Westfalen,1,0,0
4388,Evelyn,,Heisenberg,1979-9-18,Robert-Kost-Str. 94,Jena,037882,LV Thüringen,0,0,0
4389,Katharina,,Schuman,1977-9-18,Robert-Kost-Str. 69,Gera,021654,LV Hamburg,1,0,1
4393,Lena,,Müller,1986-10-16,An der Lobdeburg 85,Strelow,090306,LV Baden-Württemberg,0,0,1
4397,Wolfgang,,Schumann,1974-9-11,Naumburger Str. 62,Jena,052585,LV Baden-Württemberg,1,0,1
4400,Mark,,Buchholz,1960-2-12,Streesemannplatz 90,Berlin,010544,LV Bayern,1,0,0
4409,Evelyn,,Klaus,1951-7-2,Streesemannplatz 19,Hamburg,047432,LV Bayern,0,0,1
4413,Wolfgang,,Born,1975-6-13,Einstein Str. 18,Dorndorf,030982,LV Nordrhein-Westfalen,1,0,1
4421,Katrin,,Triebel,1959-11-25,Einstein Str. 6,Gera,052392,LV Berlin,1,0,1
4429,Wolfgang,Anna,Schwarz,1979-6-26,Friedrich-Engels-Ring 61,Camburg,023699,LV Sachsen,1,0,1
4436,Jens,,Fermi,1971-8-15,Dorfstraße 83,Berlin,065180,LV Hamburg,1,0,0
4439,Markus,,Meier,1967-7-8,Naumburger Str. 6,Dornburg,011117,LV Hamburg,1,0,0
4446,Susanna,,Weyl,1954-6-8,Robert Koch Str. 6,München,097869,LV Hessen,0,0,1
4451,Michaela,,Sobolev,1962-3-21,Robert-Kost-Str. 4,Gera,080216,LV Hamburg,1,0,1
4458,Jens,Michael,Born,1955-3-11,Friedrich-Engels-Ring 36,Berlin,074510,LV Hessen,0,0,0
4461,Andeas,,Maier,1976-8-13,Dornburger Str. 98,Halle,088363,LV Bayern,1,0,1
4463,Markus,,Schuhmann,1982-2-25,Dornburger Str. 87,Heidenheim,066842,LV Nordrhein-Westfalen,0,0,1
4468,Andeas,,Buchholz,1972-4-24,Robert-Kost-Str. 37,Dornburg,083489,LV Hamburg,1,0,0
4474,Michaela,Michael,Heisenberg,1959-3-22,Streesemannplatz 32,Berlin,005619,LV Saarland,1,0,0
4478,Michael,,Schuman,1962-8-7,Robert-Kost-Str. 84,Erfurt,056096,LV Bayern,1,0,0
4484,Anne,,Buchholz,1981-10-18,Am Anger 22,Hildburghausen,053926,LV Schleswig-Holstein,1,0,1
4488,Steffi,,Köhler,1976-11-3,Einstein Str. 64,Dorndorf,049713,LV Bayern,0,0,0
4491,Katharina,,Köhler,1988-4-20,Einsteinstr. 9,Erfurt,032811,LV Nordrhein-Westfalen,1,0,1
4499,Steffi,Stefan,Schmitt,1971-11-6,Dorfstraße 9,Jena,040606,LV Saarland,1,0,1
4507,Stephan,,Schmidt,1968-7-26,Robert Koch Str. 38,Dornburg,075005,LV Nordrhein-Westfalen,0,0,0
4515,Susann,,Kämmerer,1952-2-7,Helmholtzweg. 45,Strelow,058979,LV Hessen,0,0,1
4523,Evelyn,,Kämmerer,1961-8-26,Helmholtzweg. 47,Hamburg,074767,LV Mecklenburg-Vorpommern,1,0,1
4532,Thomas,,Schmidt,1967-5-12,Dorfstraße 14,Am Arsch der Welt,005534,LV Schleswig-Holstein,1,0,1
4540,Katrin,,Maier,1991-4-7,Am Steiger 68,Dorndorf,077091,LV Schleswig-Holstein,1,0,1
4545,Katrin,Anna,Carl,1960-7-12,Einsteinstr. 10,Camburg,060281,LV Bremen,1,0,1
4554,Hans,,Mann,1954-8-7,An der Lobdeburg 31,Dorndorf,070323,LV Bremen,1,0,1
4560,Michaela,,Meyer,1956-1-1,Robert-Kost-Str. 93,Halle,060457,LV Hamburg,1,0,0
4566,Mark,,Maier,1963-11-22,Helmholtzweg. 50,München,059428,LV Schleswig-Holstein,0,0,0
4570,Mark,,Mann,1982-7-12,Am Anger 37,Heidenheim,028226,LV Bayern,1,0,0
4577,Katharina,Mark,Köhler,1969-9-24,Friedrich-Engels-Ring 77,Camburg,045083,LV Brandenburg,1,0,0
4582,Bernd,,Born,1963-11-12,Dorfstraße 52,Heidenheim,009360,LV Thüringen,1,0,1
4590,Stephan,,Noether,1966-7-14,Einstein Str. 91,Halle,024729,LV Saarland,1,0,0
4591,Stefan,Anne,Meyer,1953-8-15,Streesemannplatz 93,Heidenheim,017268,LV Baden-Württemberg,0,0,1
4601,Markus,,Noether,1961-8-14,Robert-Kost-Str. 20,Camburg,029626,LV Brandenburg,1,0,0
4603,Steffi,,Schuhmann,1968-2-22,Robert-Kost-Str. 71,Jena,011934,LV Hamburg,1,0,1
4606,Steffen,Anne,Meier,1977-7-8,Am Anger 39,Hildburghausen,020907,LV Brandenburg,1,0,1
4612,Andeas,,Schmitt,1968-5-27,Karl-Mark-Allee 19,Dornburg,034068,LV Bayern,1,0,1
4622,Andeas,,Triebel,1980-2-24,Karl-Mark-Allee 49,München,002146,LV Saarland,0,0,1
4629,Andeas,,Noether,1986-4-16,Dorfstraße 6,Strelow,048341,LV Rheinland-Pfalz,1,0,0
4633,Markus,,Heisenberg,1964-9-6,Dornburger Str. 78,Heidenheim,091229,LV Hessen,1,0,1
4635,Anne,,Köhler,1967-11-4,Robert Koch Str. 16,Dorndorf,084958,LV Saarland,1,0,1
4641,Katrin,,Kämmerer,1957-5-13,Streesemannplatz 16,Halle,077562,LV Mecklenburg-Vorpommern,0,0,1
4644,Hans,,Buchholz,1955-9-17,Friedrich-Engels-Ring 6,Am Arsch der Welt,091341,LV Hessen,1,0,0
4653,Michaela,,Schmitt,1965-5-11,Dorfstraße 42,Berlin,011355,LV Thüringen,0,0,0
4661,Steffen,,Born,1953-6-24,Robert Koch Str. 91,Hildburghausen,019011,LV Bremen,0,0,1
4663,Markus,,Schmidt,1965-9-27,Einsteinstr. 82,Hildburghausen,075431,LV Niedersachsen,1,0,1
4670,Bernd,,Klaus,1960-4-6,An der Lobdeburg 5,Jena,016481,LV Berlin,1,0,0
4674,Michael,,Kämmerer,1969-11-15,Karl-Mark-Allee 86,Am Arsch der Welt,025657,LV Nordrhein-Westfalen,1,0,1
4681,Steffen,,Heisenberg,1963-2-24,Friedrich-Engels-Ring 45,Jena,058331,LV Sachsen,1,0,1
4689,Lena,Thomas,Carl,1958-3-25,Robert Koch Str. 8,Hamburg,026092,LV Brandenburg,0,0,0
4698,Mark,,Buchholz,1971-4-7,Karl-Mark-Allee 77,Heidenheim,001969,LV Brandenburg,0,0,0
4706,Markus,,Schmitt,1965-2-8,Einsteinstr. 40,Halle,057081,LV Niedersachsen,1,0,1
4707,Michaela,,Bohr,1960-2-13,Karl-Mark-Allee 16,München,054995,LV Thüringen,0,0,1
4717,Stefan,,Köhler,1968-8-23,Karl-Mark-Allee 97,Am Arsch der Welt,067875,LV Bayern,1,0,0
4723,Steffen,,Heinzmann,1972-2-13,An der Lobdeburg 86,Hamburg,055559,LV Nordrhein-Westfalen,1,0,1
4727,Mark,,Noether,1979-10-8,Dorfstraße 26,Halle,008463,LV Nordrhein-Westfalen,1,0,1
4734,Stephan,,Born,1986-4-24,Helmholtzweg. 42,Dorndorf,044707,LV Mecklenburg-Vorpommern,1,0,1
4736,Steffen,,Buchholz,1955-8-24,Naumburger Str. 57,Dorndorf,012411,LV Nordrhein-Westfalen,0,0,0
4740,Andeas,,Schuhmann,1965-11-26,Robert Koch Str. 100,Am Arsch der Welt,064202,LV Baden-Württemberg,1,0,1
4749,Anna,,Noether,1987-3-5,Robert-Koch Str. 49,Dornburg,063630,LV Saarland,1,0,0
4751,Michael,,Buchholz,1988-7-24,Robert-Kost-Str. 54,Jena,098944,LV Thüringen,1,0,1
4754,Anne,,Meyer,1951-2-11,Robert Koch Str. 70,Magdeburg,056639,LV Nordrhein-Westfalen,0,0,1
4759,Anne,,Heisenberg,1965-1-10,Helmholtzweg. 88,Gera,020519,LV Thüringen,1,0,1
4764,Michaela,,Sobolev,1979-11-4,Einstein Str. 14,Jena,052327,LV Hessen,0,0,1
4768,Evelyn,,Meier,1982-12-18,Friedrich-Engels-Ring 78,Camburg,052554,LV Sachsen,1,0,0
4773,Evelyn,,Müller,1950-3-22,Naumburger Str. 79,Camburg,039636,LV Baden-Württemberg,0,0,1
4779,Steffen,,Meier,1969-6-11,Dorfstraße 12,Magdeburg,072152,LV Bremen,1,0,1
4784,Jens,Hans,Einstein,1959-9-5,Streesemannplatz 19,Camburg,015970,LV Thüringen,1,0,0
4785,Katharina,,Born,1965-4-13,Am Steiger 11,Dornburg,013846,LV Hamburg,0,0,0
4792,Lena,,Heisenberg,1976-8-20,Am Steiger 41,Gera,049118,LV Bayern,1,0,1
4797,Wolfgang,Hans,Buchholz,1978-12-15,Am Anger 53,Jena,092809,LV Schleswig-Holstein,1,0,1
4803,Anna,,Kämmerer,1988-5-7,Dornburger Str. 10,Am Arsch der Welt,096582,LV Saarland,1,0,0
4810,Michael,,Kämmerer,1954-7-10,Dornburger Str. 8,Hildburghausen,097576,LV Sachsen-Anhalt,1,0,0
4813,Susanna,,Heinzmann,1953-4-12,Naumburger Str. 55,Heidenheim,076473,LV Sachsen-Anhalt,1,0,1
4822,Thomas,Andeas,Bohr,1961-4-13,Robert-Koch Str. 69,Erfurt,028932,LV Berlin,0,0,1
4829,Wolfgang,,Heinzmann,1990-12-21,Dorfstraße 53,Dornburg,001303,LV Bremen,1,0,1
4838,Stefan,,Einstein,1971-7-26,Am Anger 9,Jena,062324,LV Mecklenburg-Vorpommern,1,0,1
4845,Wolfgang,,Buchholz,1957-3-27,Robert Koch Str. 62,Camburg,082314,LV Baden-Württemberg,1,0,0
4855,Mark,,Sobolev,1983-3-27,An der Lobdeburg 6,Gera,088708,LV Schleswig-Holstein,0,0,1
4859,Thomas,,Heisenberg,1983-10-19,Naumburger Str. 11,Berlin,081977,LV Baden-Württemberg,1,0,1
4867,Steffen,,Sobolev,1953-5-26,An der Lobdeburg 99,Am Arsch der Welt,007586,LV Baden-Württemberg,1,0,0
4870,Lena,,Schmidt,1980-6-17,Am Steiger 9,Berlin,088381,LV Saarland,1,0,0
4877,Andeas,,Schmidt,1979-4-21,Einstein Str. 14,Gera,004649,LV Sachsen,1,0,1
4881,Jens,,Schmitt,1988-8-9,Naumburger Str. 14,Dorndorf,005897,LV Rheinland-Pfalz,0,0,1
4888,Hans,Anna,Triebel,1976-3-2,Dorfstraße 90,Am Arsch der Welt,045658,LV Thüringen,1,0,1
4890,Andeas,,Meyer,1988-5-11,Einstein Str. 30,Jena,063939,LV Nordrhein-Westfalen,1,0,0
4900,Evelyn,,Carl,1962-9-5,Robert-Koch Str. 59,Camburg,002686,LV Niedersachsen,0,0,1
4907,Lena,,Maier,1990-11-8,Robert-Koch Str. 47,Gera,094510,LV Baden-Württemberg,1,0,1
4914,Steffi,,Born,1984-8-5,Robert-Koch Str. 83,Gera,060471,LV Bayern,1,0,0
4920,Anne,Stephan,Buchholz,1957-3-22,Dornburger Str. 80,Berlin,066592,LV Mecklenburg-Vorpommern,0,0,0
4921,Anne,,Schuhmann,1952-4-21,Helmholtzweg. 16,Hamburg,006971,LV Rheinland-Pfalz,1,0,0
4928,Susanna,,Heisenberg,1957-3-2,Dorfstraße 90,Heidenheim,018173,LV Nordrhein-Westfalen,1,0,1
4935,Steffen,,Schuman,1954-4-20,Robert-Kost-Str. 94,Dorndorf,026740,LV Nordrhein-Westfalen,1,0,0
4942,Steffen,,Schuhmann,1957-7-11,Naumburger Str. 42,Magdeburg,031569,LV Brandenburg,1,0,1
4947,Lena,,Schuman,1986-12-2,Naumburger Str. 20,Dorndorf,003681,LV Thüringen,0,0,1
4955,Stephan,Anna,Schmidt,1971-4-13,Streesemannplatz 98,Hildburghausen,065501,LV Nordrhein-Westfalen,0,0,1
4965,Thomas,,Schumann,1957-10-18,Naumburger Str. 60,Magdeburg,024369,LV Berlin,1,0,0
4966,Michaela,Bernd,Weyl,1974-2-20,Einstein Str. 22,Jena,041063,LV Nordrhein-Westfalen,0,0,1
4969,Jens,,Carl,1953-8-21,Einstein Str. 15,Berlin,009219,LV Sachsen-Anhalt,0,0,0
4971,Thomas,,Fermi,1955-5-23,Friedrich-Engels-Ring 53,Hamburg,010240,LV Bremen,1,0,0
4977,Michael,,Triebel,1986-9-24,Dorfstraße 79,Heidenheim,066384,LV Rheinland-Pfalz,1,0,0
4982,Michael,,Heinzmann,1986-10-16,Friedrich-Engels-Ring 61,Berlin,062145,LV Baden-Württemberg,1,0,0
4986,Katharina,,Köhler,1990-3-19,Am Steiger 32,Heidenheim,029366,LV Sachsen,1,0,0
4991,Susanna,,Schmidt,1956-3-13,Robert-Koch Str. 33,Dornburg,035525,LV Niedersachsen,1,0,0
5001,Bernd,,Schmidt,1985-10-1,Robert Koch Str. 71,Strelow,049972,LV Mecklenburg-Vorpommern,1,0,1
5008,Katharina,,Einstein,1956-6-10,Naumburger Str. 14,Gera,061651,LV Bremen,1,0,0
5015,Mark,,Weyl,1972-9-4,Einsteinstr. 72,München,004753,LV Hamburg,1,0,0
5023,Katharina,,Schumann,1964-11-12,Dorfstraße 47,Magdeburg,047946,LV Sachsen,1,0,1
5027,Katharina,,Mann,1979-9-23,Einsteinstr. 34,Dornburg,060655,LV Saarland,1,0,1
5032,Mark,,Sobolev,1974-7-3,Robert-Kost-Str. 53,Am Arsch der Welt,095573,LV Baden-Württemberg,0,0,0
5036,Michael,,Einstein,1971-11-2,Einstein Str. 48,Jena,046539,LV Berlin,1,0,1
5043,Wolfgang,,Schumann,1957-10-12,Robert-Kost-Str. 93,München,079742,LV Thüringen,0,0,1
5051,Katharina,,Heinzmann,1973-11-13,Naumburger Str. 23,Berlin,001646,LV Sachsen-Anhalt,1,0,0
5054,Michaela,,Fermi,1987-9-5,Am Anger 34,Heidenheim,066277,LV Sachsen-Anhalt,1,0,1
5060,Michaela,,Kämmerer,1982-5-8,Am Anger 5,Hamburg,097642,LV Sachsen,1,0,1
5061,Thomas,,Heisenberg,1986-9-14,Robert Koch Str. 39,Am Arsch der Welt,001042,LV Hamburg,0,0,0
5063,Susann,Markus,Müller,1983-1-16,Robert-Kost-Str. 71,Berlin,051111,LV Sachsen-Anhalt,1,0,0
5073,Jens,,Heisenberg,1971-6-2,Robert Koch Str. 66,Hildburghausen,096214,LV Rheinland-Pfalz,0,0,0
5082,Susanna,,Bohr,1972-4-26,Robert Koch Str. 32,Gera,087153,LV Mecklenburg-Vorpommern,1,0,0
5088,Markus,,Kämmerer,1981-5-2,Einsteinstr. 42,Camburg,050425,LV Thüringen,1,0,0
5092,Steffi,,Schuman,1985-3-8,Robert-Kost-Str. 72,Hamburg,073194,LV Rheinland-Pfalz,1,0,1
5093,Stephan,Michaela,Schmidt,1986-2-11,Dornburger Str. 63,Magdeburg,077766,LV Schleswig-Holstein,0,0,0
5098,Steffen,,Bohr,1969-6-19,Streesemannplatz 51,Strelow,068815,LV Nordrhein-Westfalen,1,0,0
5099,Thomas,,Mann,1987-9-20,Karl-Mark-Allee 22,Berlin,012386,LV Thüringen,1,0,0
5108,Mark,,Köhler,1954-4-24,Friedrich-Engels-Ring 40,Dornburg,015632,LV Brandenburg,1,0,1
5115,Jens,,Einstein,1981-3-19,Am Steiger 24,Hamburg,096080,LV Niedersachsen,1,0,0
5120,Wolfgang,,Meyer,1959-2-22,Dorfstraße 82,Berlin,009798,LV Hessen,1,0,0
5125,Jens,,Meier,1961-5-27,Dorfstraße 34,München,011875,LV Thüringen,0,0,0
5128,Evelyn,Markus,Schuman,1980-1-6,Einstein Str. 62,Dornburg,082254,LV Niedersachsen,1,0,1
5136,Anne,,Meyer,1955-9-5,Einstein Str. 38,Am Arsch der Welt,019536,LV Berlin,0,0,0
5139,Jens,,Bohr,1954-2-1,Helmholtzweg. 27,Dorndorf,001073,LV Bremen,1,0,0
5146,Steffi,,Einstein,1964-11-19,Dornburger Str. 32,Jena,061486,LV Thüringen,1,0,1
5149,Susann,,Maier,1953-7-15,Robert-Koch Str. 76,Jena,087295,LV Saarland,1,0,1
5159,Stefan,Markus,Schuman,1951-5-28,Streesemannplatz 70,Jena,024335,LV Nordrhein-Westfalen,1,0,0
5168,Bernd,,Maier,1989-11-18,Einstein Str. 25,Dornburg,058776,LV Brandenburg,0,0,0
5171,Stephan,,Schuman,1966-6-14,Robert Koch Str. 44,Hamburg,081913,LV Mecklenburg-Vorpommern,1,0,0
5172,Thomas,,Triebel,1965-10-21,Am Anger 40,Erfurt,011770,LV Sachsen-Anhalt,0,0,1
5176,Steffen,,Meyer,1967-8-17,Einsteinstr. 65,München,079131,LV Niedersachsen,1,0,1
5185,Evelyn,,Triebel,1959-8-5,Streesemannplatz 30,Hamburg,066085,LV Niedersachsen,1,0,1
5187,Evelyn,Bernd,Schuhmann,1959-12-4,Einsteinstr. 50,Am Arsch der Welt,056204,LV Thüringen,1,0,0
5195,Wolfgang,,Kämmerer,1980-7-2,Helmholtzweg. 58,Strelow,028750,LV Hamburg,1,0,1
5198,Hans,,Meyer,1972-6-14,Am Anger 59,Hildburghausen,001545,LV Bayern,1,0,0
5204,Katrin,,Maier,1973-8-11,Einsteinstr. 14,Heidenheim,079865,LV Bayern,1,0,1
5208,Susanna,,Sobolev,1981-6-16,Dorfstraße 51,Hildburghausen,020374,LV Mecklenburg-Vorpommern,1,0,0
5210,Stephan,,Meyer,1985-8-23,Karl-Mark-Allee 4,Camburg,076133,LV Niedersachsen,1,0,1
5216,Jens,,Meyer,1950-3-8,Am Steiger 8,Erfurt,036405,LV Mecklenburg-Vorpommern,1,0,1
5218,Anna,,Meyer,1973-6-8,Friedrich-Engels-Ring 74,Hamburg,013521,LV Hamburg,1,0,1
5225,Andeas,,Schmitt,1988-11-14,Am Steiger 55,Hildburghausen,021313,LV Sachsen,1,0,1
5228,Wolfgang,,Schmidt,1959-4-8,Robert Koch Str. 39,Dornburg,094232,LV Bayern,0,0,1
5233,Susann,,Carl,1966-2-6,Am Anger 47,Am Arsch der Welt,093238,LV Rheinland-Pfalz,0,0,0
5238,Markus,,Köhler,1990-6-9,Friedrich-Engels-Ring 27,Hildburghausen,042487,LV Saarland,0,0,1
5241,Michaela,,Meier,1967-10-28,Einsteinstr. 69,Hildburghausen,058988,LV Nordrhein-Westfalen,1,0,1
5249,Bernd,Steffi,Heinzmann,1978-5-22,Dorfstraße 65,Hildburghausen,002290,LV Brandenburg,1,0,0
5250,Stephan,,Heisenberg,1951-3-25,Robert-Kost-Str. 16,Halle,015995,LV Hessen,1,0,1
5257,Steffi,,Carl,1977-6-20,Einsteinstr. 70,Camburg,011977,LV Nordrhein-Westfalen,1,0,1
5263,Thomas,,Schuman,1989-10-13,Naumburger Str. 62,Dorndorf,036272,LV Hessen,1,0,0
5265,Wolfgang,,Heisenberg,1990-3-21,Robert Koch Str. 20,München,079418,LV Baden-Württemberg,1,0,0
5273,Steffi,Steffen,Klaus,1964-6-19,Naumburger Str. 79,Hildburghausen,099543,LV Rheinland-Pfalz,1,0,0
5280,Katrin,,Einstein,1987-9-2,Naumburger Str. 25,Dorndorf,040227,LV Mecklenburg-Vorpommern,0,0,1
5285,Anna,,Maier,1973-3-26,Helmholtzweg. 22,Berlin,026553,LV Hamburg,1,0,0
5293,Wolfgang,,Meyer,1969-4-13,Am Steiger 38,Gera,011027,LV Sachsen-Anhalt,1,0,0
5294,Michael,,Noether,1982-9-7,Streesemannplatz 76,Jena,072908,LV Nordrhein-Westfalen,1,0,1
5304,Thomas,,Carl,1953-11-4,Dorfstraße 79,Jena,097886,LV Niedersachsen,1,0,0
5311,Evelyn,,Einstein,1973-3-9,Robert-Koch Str. 98,Strelow,046016,LV Berlin,0,0,0
5313,Mark,,Fermi,1962-8-6,Helmholtzweg. 60,Gera,070952,LV Thüringen,1,0,0
5320,Susanna,,Schwarz,1957-7-21,Dorfstraße 40,Halle,098255,LV Mecklenburg-Vorpommern,1,0,0
5323,Wolfgang,,Sobolev,1961-2-22,An der Lobdeburg 95,Am Arsch der Welt,028416,LV Bayern,1,0,0
5325,Jens,,Meyer,1970-2-3,Robert-Koch Str. 36,Strelow,007052,LV Hessen,0,0,0
5329,Lena,,Kämmerer,1965-5-11,Einstein Str. 40,Magdeburg,097136,LV Hamburg,1,0,0
5332,Steffi,,Meier,1986-1-11,Robert-Kost-Str. 65,Gera,033832,LV Baden-Württemberg,0,0,1
5339,Evelyn,Anne,Carl,1953-9-21,Am Anger 4,Camburg,005736,LV Bayern,0,0,0
5348,Anne,Jens,Mann,1955-5-3,Dornburger Str. 8,Halle,050250,LV Schleswig-Holstein,1,0,1
5357,Steffen,Katrin,Schwarz,1955-12-2,Einstein Str. 11,München,090631,LV Thüringen,1,0,1
5364,Andeas,Evelyn,Kämmerer,1975-9-7,Dornburger Str. 66,Halle,000110,LV Niedersachsen,1,0,1
5368,Thomas,,Triebel,1956-8-22,Robert Koch Str. 12,Hildburghausen,011898,LV Schleswig-Holstein,1,0,1
5377,Stefan,,Kämmerer,1967-10-14,Robert Koch Str. 13,Magdeburg,066977,LV Schleswig-Holstein,1,0,1
5378,Thomas,,Schmitt,1984-6-27,Einsteinstr. 65,Jena,068067,LV Sachsen,1,0,1
5382,Stefan,,Sobolev,1975-10-23,Naumburger Str. 47,Camburg,073033,LV Bremen,1,0,1
5383,Hans,,Buchholz,1985-5-24,Naumburger Str. 44,Camburg,072698,LV Schleswig-Holstein,1,0,0
5391,Mark,,Heinzmann,1966-2-11,Friedrich-Engels-Ring 36,Erfurt,021414,LV Rheinland-Pfalz,0,0,1
5400,Anne,,Triebel,1953-7-8,Robert Koch Str. 11,Gera,030776,LV Hamburg,1,0,0
5406,Anna,,Schuhmann,1979-11-2,Streesemannplatz 67,Heidenheim,093301,LV Sachsen,1,0,1
5408,Andeas,,Einstein,1986-4-14,Am Steiger 77,Erfurt,079665,LV Berlin,0,0,1
5414,Evelyn,,Triebel,1951-12-24,Helmholtzweg. 15,Hamburg,054698,LV Mecklenburg-Vorpommern,1,0,0
5424,Anne,Stefan,Carl,1960-5-8,Dorfstraße 5,Magdeburg,041266,LV Rheinland-Pfalz,0,0,0
5432,Steffi,,Heinzmann,1971-5-17,Robert-Koch Str. 61,Heidenheim,027940,LV Sachsen-Anhalt,0,0,1
5438,Hans,,Triebel,1957-4-25,Am Anger 19,Camburg,064106,LV Baden-Württemberg,1,0,1
5447,Jens,,Einstein,1980-7-23,Helmholtzweg. 52,Dornburg,066056,LV Rheinland-Pfalz,1,0,0
5449,Susann,,Müller,1952-3-27,An der Lobdeburg 53,Dornburg,018084,LV Nordrhein-Westfalen,1,0,1
5450,Susanna,Susann,Weyl,1972-2-2,Dorfstraße 98,Dorndorf,080771,LV Bayern,0,0,1
5456,Lena,,Schuman,1975-8-13,Naumburger Str. 81,Gera,065273,LV Bayern,0,0,0
5462,Markus,,Schumann,1987-4-8,Am Anger 43,Magdeburg,052757,LV Mecklenburg-Vorpommern,1,0,0
5470,Jens,,Schuman,1962-9-9,Friedrich-Engels-Ring 77,Berlin,063361,LV Schleswig-Holstein,1,0,1
5475,Jens,,Schuman,1966-4-14,Karl-Mark-Allee 36,Dornburg,010794,LV Sachsen,1,0,0
5483,Evelyn,,Maier,1988-2-27,Einsteinstr. 10,München,045975,LV Schleswig-Holstein,1,0,0
5492,Susann,Jens,Schmitt,1961-9-16,Naumburger Str. 33,Dornburg,018001,LV Berlin,1,0,1
5500,Susann,,Schwarz,1966-1-20,Robert-Kost-Str. 83,Strelow,019524,LV Rheinland-Pfalz,0,0,1
5507,Andeas,,Bohr,1979-7-4,Helmholtzweg. 38,Halle,085463,LV Bayern,1,0,1
5512,Thomas,Evelyn,Buchholz,1970-10-5,Robert-Koch Str. 37,Am Arsch der Welt,014857,LV Rheinland-Pfalz,0,0,1
5518,Thomas,,Triebel,1967-5-25,Helmholtzweg. 10,Hamburg,071024,LV Bremen,1,0,1
5521,Katrin,Anna,Weyl,1965-11-5,Robert Koch Str. 60,Strelow,013589,LV Berlin,1,0,0
5525,Stefan,,Meyer,1974-5-15,Am Anger 49,Berlin,001140,LV Schleswig-Holstein,0,0,0
5533,Katrin,,Weyl,1970-2-25,Am Steiger 63,Heidenheim,067219,LV Saarland,1,0,0
5538,Stephan,Thomas,Müller,1957-8-7,Robert Koch Str. 4,Berlin,020397,LV Bremen,1,0,0
5546,Anna,,Buchholz,1961-7-19,Dornburger Str. 18,Camburg,011755,LV Hessen,1,0,0
5548,Steffen,,Bohr,1981-7-11,Einstein Str. 70,Magdeburg,043507,LV Nordrhein-Westfalen,1,0,0
5554,Michael,,Born,1959-6-26,Streesemannplatz 42,Hamburg,032837,LV Saarland,1,0,1
5562,Mark,,Kämmerer,1955-11-12,Dornburger Str. 33,München,081982,LV Thüringen,1,0,0
